Date,Time,Station,WDR,TEMP,WSP,HUMID,SOLAR
01/01/2020,01:00:00,WALLSEND,211.9,20.9,3.2,68.4,-2.3
01/01/2020,02:00:00,WALLSEND,226.6,20.4,1.8,70.4,-2.2
01/01/2020,03:00:00,WALLSEND,227.2,20.4,1.7,70.9,-1.7
01/01/2020,04:00:00,WALLSEND,224.6,20.3,1.5,71.3,-1.4
01/01/2020,05:00:00,WALLSEND,228.1,20.3,1.2,71.4,-0.4
01/01/2020,06:00:00,WALLSEND,227.5,20.4,1.1,71.5,38.4
01/01/2020,07:00:00,WALLSEND,233.5,20.8,1.3,70.6,105.1
01/01/2020,08:00:00,WALLSEND,220.6,22.1,0.7,66.6,319.2
01/01/2020,09:00:00,WALLSEND,149,22.8,0.9,64.3,556.6
01/01/2020,10:00:00,WALLSEND,118.3,24.4,2.1,60,811.6
01/01/2020,11:00:00,WALLSEND,125.1,24.4,3.7,60.4,971.1
01/01/2020,12:00:00,WALLSEND,118.8,24.5,3.5,59.9,964.4
01/01/2020,13:00:00,WALLSEND,123.1,24.1,4.4,62,1001.5
01/01/2020,14:00:00,WALLSEND,133.9,24.1,5.1,63.6,970
01/01/2020,15:00:00,WALLSEND,134.9,23.9,5.2,65.6,832.9
01/01/2020,16:00:00,WALLSEND,130.6,23.5,5.1,68.7,557.5
01/01/2020,17:00:00,WALLSEND,146.3,23.1,4.6,72.1,318.2
01/01/2020,18:00:00,WALLSEND,166.7,22.7,3.9,77,121.5
01/01/2020,19:00:00,WALLSEND,178,22.5,3.1,80.2,36
01/01/2020,20:00:00,WALLSEND,172.1,22.2,3.6,83.6,-1.1
01/01/2020,21:00:00,WALLSEND,169.6,22.3,3.3,84.6,-1.2
01/01/2020,22:00:00,WALLSEND,173.5,22.1,3.3,86,-1.1
01/01/2020,23:00:00,WALLSEND,179.7,22,2.9,87,-1.1
02/01/2020,01:00:00,WALLSEND,182.7,21.2,2.9,88.1,-1.5
02/01/2020,02:00:00,WALLSEND,183.3,20.8,2.7,89.6,-1.8
02/01/2020,03:00:00,WALLSEND,183.3,20.1,2.2,91.8,-1.7
02/01/2020,04:00:00,WALLSEND,185.3,19.7,1.9,91.8,-1.7
02/01/2020,05:00:00,WALLSEND,183.3,19.7,2,91.1,-1.2
02/01/2020,10:00:00,WALLSEND,191.7,22.6,2.3,70.2,254.4
02/01/2020,11:00:00,WALLSEND,173,23.4,2.3,68.8,327.5
02/01/2020,12:00:00,WALLSEND,180.1,23.6,1.8,69.2,240.3
02/01/2020,13:00:00,WALLSEND,157.2,23.3,2.5,71,253.9
02/01/2020,14:00:00,WALLSEND,155.9,23.4,3,70.9,337.5
02/01/2020,15:00:00,WALLSEND,170.3,23.5,2.7,70.5,303.8
02/01/2020,16:00:00,WALLSEND,158.7,23,3.5,73.2,248.1
02/01/2020,17:00:00,WALLSEND,165,23,2.9,73.7,188.6
02/01/2020,18:00:00,WALLSEND,164.3,22.3,2.9,79.1,69.8
02/01/2020,19:00:00,WALLSEND,171.6,22,2.2,85.6,19.2
02/01/2020,20:00:00,WALLSEND,185.6,22,1.9,87.8,-0.9
02/01/2020,21:00:00,WALLSEND,185.5,22.3,1.8,88,-2
02/01/2020,22:00:00,WALLSEND,191.3,22.7,1.3,87.9,-1.2
02/01/2020,23:00:00,WALLSEND,205.4,22.5,1.4,88.8,-1.2
03/01/2020,01:00:00,WALLSEND,228.4,22.2,1,91.1,-1.1
03/01/2020,02:00:00,WALLSEND,173.9,22.2,1.3,92.3,-1.3
03/01/2020,03:00:00,WALLSEND,196.7,22,0.8,92.7,-1.6
03/01/2020,04:00:00,WALLSEND,205.5,21.9,0.7,92.9,-1.5
03/01/2020,05:00:00,WALLSEND,180.5,21.8,0.7,92.9,-0.7
03/01/2020,06:00:00,WALLSEND,182.6,22.1,0.9,91.8,19.5
03/01/2020,07:00:00,WALLSEND,176.3,22.6,1.2,88.6,82.2
03/01/2020,08:00:00,WALLSEND,187.6,23.6,1.1,84.1,210.4
03/01/2020,09:00:00,WALLSEND,133.3,25.4,0.3,74.8,406.3
03/01/2020,10:00:00,WALLSEND,98.4,26.5,0.5,69,386.8
03/01/2020,11:00:00,WALLSEND,98.3,27.8,0.7,65.1,546
03/01/2020,12:00:00,WALLSEND,125.6,28.5,4.4,64.2,1001.6
03/01/2020,13:00:00,WALLSEND,111.6,28.3,4.6,64.5,1039.4
03/01/2020,14:00:00,WALLSEND,104.7,28.9,5.3,55.8,982
03/01/2020,15:00:00,WALLSEND,117.7,29.6,5.1,50,856.9
03/01/2020,16:00:00,WALLSEND,114.4,28.9,4.7,55.4,672
03/01/2020,17:00:00,WALLSEND,104.3,28.4,4.3,58.4,388.5
03/01/2020,18:00:00,WALLSEND,94,28.7,3.2,55.9,95
03/01/2020,19:00:00,WALLSEND,108.3,27.6,2.6,60.2,32.1
03/01/2020,20:00:00,WALLSEND,110.9,25.7,1.5,68.2,-1.4
03/01/2020,21:00:00,WALLSEND,76,25.5,0.7,67.9,-2.6
03/01/2020,22:00:00,WALLSEND,132.4,24.7,0.9,70.2,-2.4
03/01/2020,23:00:00,WALLSEND,147,23.8,1.6,75,-2.5
04/01/2020,01:00:00,WALLSEND,174.3,22.3,1,84.4,-2.3
04/01/2020,02:00:00,WALLSEND,200.7,21.9,0.9,86.2,-2.3
04/01/2020,03:00:00,WALLSEND,210.3,21.4,0.8,89,-2.3
04/01/2020,04:00:00,WALLSEND,196.1,21,0.6,91.1,-2.3
04/01/2020,05:00:00,WALLSEND,208.4,20.8,0.5,92.1,-1.1
04/01/2020,06:00:00,WALLSEND,233.8,20.9,0.4,92,48.7
04/01/2020,07:00:00,WALLSEND,39.1,23.3,0.5,83.1,212.7
04/01/2020,08:00:00,WALLSEND,351.9,26.5,1.9,69.4,435.6
04/01/2020,09:00:00,WALLSEND,342.2,30.5,2.5,55,637.6
04/01/2020,10:00:00,WALLSEND,327.1,35.5,3.6,36.2,807.8
04/01/2020,11:00:00,WALLSEND,319.1,39.3,4.2,24.7,937.9
04/01/2020,12:00:00,WALLSEND,320.8,41.6,4.3,20.6,1010.1
04/01/2020,13:00:00,WALLSEND,317.3,43.3,3.8,17.5,1014.4
04/01/2020,14:00:00,WALLSEND,323.1,44.3,3.6,15.2,949.8
04/01/2020,15:00:00,WALLSEND,333,44.5,3.2,14,784.4
04/01/2020,16:00:00,WALLSEND,24.8,43.7,2.7,16.4,574.3
04/01/2020,17:00:00,WALLSEND,82.8,40.8,3.1,25.2,296
04/01/2020,18:00:00,WALLSEND,59.5,39.7,2.2,25.7,101.5
04/01/2020,19:00:00,WALLSEND,33.5,37.5,1.7,27.3,30.6
04/01/2020,20:00:00,WALLSEND,20.2,35.7,1.3,27.2,-2
04/01/2020,21:00:00,WALLSEND,35.5,33.3,0.7,33,-2.7
04/01/2020,22:00:00,WALLSEND,46.3,30.8,0.1,40,-2.2
04/01/2020,23:00:00,WALLSEND,254.4,29.2,0.1,45.7,-2
05/01/2020,01:00:00,WALLSEND,199.8,24.5,5.1,69.4,-2.1
05/01/2020,02:00:00,WALLSEND,201.4,23.7,5.8,69.7,-1.8
05/01/2020,03:00:00,WALLSEND,198.1,23.3,4.1,64,-2.2
05/01/2020,04:00:00,WALLSEND,199.5,23.1,3.5,56.9,-2.6
05/01/2020,05:00:00,WALLSEND,199.8,23,2.7,51.7,-1.5
05/01/2020,06:00:00,WALLSEND,201.4,22.9,1.9,54.3,41.4
05/01/2020,07:00:00,WALLSEND,190.8,23.4,2.7,56.2,184.9
05/01/2020,08:00:00,WALLSEND,197.6,23.7,2.8,60.5,303.1
05/01/2020,09:00:00,WALLSEND,197.4,23.6,2.7,65.5,290.1
05/01/2020,10:00:00,WALLSEND,195.9,24.2,2.4,64.2,432.5
05/01/2020,11:00:00,WALLSEND,171.1,25.3,3.1,59.4,618.2
05/01/2020,12:00:00,WALLSEND,156.4,25.4,4.6,59.3,751.4
05/01/2020,13:00:00,WALLSEND,156.9,25.5,5.6,58,966
05/01/2020,14:00:00,WALLSEND,162.7,25.8,4.8,56.1,931
05/01/2020,15:00:00,WALLSEND,156.4,24.9,6.1,60,780.3
05/01/2020,16:00:00,WALLSEND,163.7,24.1,5.3,64.8,457.1
05/01/2020,17:00:00,WALLSEND,169,22.9,4.7,70.5,150.1
05/01/2020,18:00:00,WALLSEND,172,22.4,4.4,71.3,107.1
05/01/2020,19:00:00,WALLSEND,166.2,21.9,3.8,73,25.8
05/01/2020,20:00:00,WALLSEND,162.2,20.9,3.8,77.7,-1.7
05/01/2020,21:00:00,WALLSEND,157.3,19.8,5,82.8,-0.9
05/01/2020,22:00:00,WALLSEND,156.4,19.7,4.3,78.2,-2.4
05/01/2020,23:00:00,WALLSEND,152.3,20.8,3.8,69.1,-1.6
06/01/2020,01:00:00,WALLSEND,172.9,20.4,1.1,70.6,-2.1
06/01/2020,02:00:00,WALLSEND,209.9,19.9,0.8,73.3,-2.3
06/01/2020,03:00:00,WALLSEND,155.2,19.9,2,73.5,-2.3
06/01/2020,04:00:00,WALLSEND,154.4,20,1.6,74.1,-2
06/01/2020,05:00:00,WALLSEND,198.1,20.3,0.9,74,-1.3
06/01/2020,06:00:00,WALLSEND,181.7,20.4,1.2,76.5,6.1
06/01/2020,07:00:00,WALLSEND,160.8,19.6,1.1,86.1,36.4
06/01/2020,08:00:00,WALLSEND,162.8,21.1,1.5,79.7,164.5
06/01/2020,09:00:00,WALLSEND,137.2,21.8,2.6,73.6,118.9
06/01/2020,10:00:00,WALLSEND,134.5,22,3.1,72.5,154.7
06/01/2020,11:00:00,WALLSEND,135.7,22.3,3.6,72.2,201.8
06/01/2020,12:00:00,WALLSEND,140.8,22.6,4.1,71.3,292.7
06/01/2020,13:00:00,WALLSEND,133.6,22.8,4.6,72.1,314.5
06/01/2020,14:00:00,WALLSEND,130,23.2,4.3,72.6,473.5
06/01/2020,15:00:00,WALLSEND,130.8,23.2,4.4,73.8,481.6
06/01/2020,16:00:00,WALLSEND,141.1,22.4,4.6,78.4,281.6
06/01/2020,17:00:00,WALLSEND,145,22.1,4.2,81,168
06/01/2020,18:00:00,WALLSEND,141.4,21.8,3.8,83.9,90.7
06/01/2020,19:00:00,WALLSEND,144.2,21.7,4,85.2,33
06/01/2020,20:00:00,WALLSEND,158.2,21.4,2.4,88.8,-1
06/01/2020,21:00:00,WALLSEND,149.4,21.5,2.1,90.1,-1.2
06/01/2020,22:00:00,WALLSEND,171.5,21.6,1.2,92,-1.4
06/01/2020,23:00:00,WALLSEND,161.7,21.4,1,94.9,-1.2
07/01/2020,01:00:00,WALLSEND,241.2,21.4,0.5,95,-1.4
07/01/2020,02:00:00,WALLSEND,189.7,21.3,0.3,95.5,-1.4
07/01/2020,03:00:00,WALLSEND,297.7,21,0.2,96.4,-1.6
07/01/2020,04:00:00,WALLSEND,158.9,20.9,0.6,96.7,-1.5
07/01/2020,05:00:00,WALLSEND,165.8,21.1,0.8,96.4,-1.2
07/01/2020,06:00:00,WALLSEND,195.9,21.3,0.7,96,23.3
07/01/2020,07:00:00,WALLSEND,209.5,21.6,1.3,95.3,79.5
07/01/2020,08:00:00,WALLSEND,209.1,22.2,1,90.3,183.1
07/01/2020,09:00:00,WALLSEND,118.9,25.6,0.8,74.6,623.9
07/01/2020,10:00:00,WALLSEND,354.6,25.9,2.2,72.2,226
07/01/2020,11:00:00,WALLSEND,336.5,25.3,2,76.2,127
07/01/2020,12:00:00,WALLSEND,316.2,26.6,2.4,70.6,406.9
07/01/2020,13:00:00,WALLSEND,321.6,29,2.4,59.2,847
07/01/2020,14:00:00,WALLSEND,16.9,31.4,1.3,45.9,702.5
07/01/2020,15:00:00,WALLSEND,105.1,32.1,2.2,45.5,806.6
07/01/2020,16:00:00,WALLSEND,116.1,29.1,4.5,61,645.2
07/01/2020,17:00:00,WALLSEND,112.6,28.6,3.7,64.4,391.3
07/01/2020,18:00:00,WALLSEND,122.9,27.9,2.8,68.1,114.7
07/01/2020,19:00:00,WALLSEND,89.5,27.9,2.1,66.9,34.3
07/01/2020,20:00:00,WALLSEND,73.2,26.6,1.4,69.1,-1.3
07/01/2020,21:00:00,WALLSEND,26.3,25.9,1.1,70,-2.4
07/01/2020,22:00:00,WALLSEND,9.9,25.7,1.3,67.8,-2
07/01/2020,23:00:00,WALLSEND,8.9,25.5,1.1,69.1,-2.1
08/01/2020,01:00:00,WALLSEND,201.3,24.9,0.9,72.1,-1.9
08/01/2020,02:00:00,WALLSEND,177.7,24.9,1.3,75.4,-2
08/01/2020,03:00:00,WALLSEND,192.3,24.3,1.5,80.8,-1.6
08/01/2020,04:00:00,WALLSEND,197.5,23.9,1.3,83.7,-1.6
08/01/2020,05:00:00,WALLSEND,207.3,23.8,0.8,83.4,-1
08/01/2020,06:00:00,WALLSEND,208.4,23.9,1.4,82.3,28.7
08/01/2020,07:00:00,WALLSEND,201.5,24.3,1.3,81,90.9
08/01/2020,08:00:00,WALLSEND,167.6,24.4,2.2,81.2,214.6
08/01/2020,09:00:00,WALLSEND,166.8,25.4,2.5,75.1,462.3
08/01/2020,12:00:00,WALLSEND,152.5,26.7,5.2,66.1,969
08/01/2020,13:00:00,WALLSEND,167.2,27.5,3.5,63.4,983.4
08/01/2020,14:00:00,WALLSEND,155.6,26.4,5.7,69.6,890.1
08/01/2020,15:00:00,WALLSEND,154.6,25.9,5.7,72.2,702.1
08/01/2020,16:00:00,WALLSEND,159.4,25.3,4.8,74.1,457.3
08/01/2020,17:00:00,WALLSEND,168.2,24.1,3.6,78.7,162.1
08/01/2020,18:00:00,WALLSEND,169.2,23.2,3.3,81.9,50.9
08/01/2020,19:00:00,WALLSEND,195.9,22.9,2,83.5,9
08/01/2020,20:00:00,WALLSEND,182.4,22.1,1.9,91.2,0.2
08/01/2020,21:00:00,WALLSEND,184.7,21.7,1.9,90.7,-1.2
08/01/2020,22:00:00,WALLSEND,201.8,21.5,2.3,92.9,-1.4
08/01/2020,23:00:00,WALLSEND,196.7,21.2,2.4,94.8,-1.1
09/01/2020,15:00:00,WALLSEND,159.1,25.5,3.4,68,567.3
09/01/2020,16:00:00,WALLSEND,158.5,23.6,3.5,77.7,233.7
09/01/2020,17:00:00,WALLSEND,155.4,23,2.7,81.9,139.5
09/01/2020,18:00:00,WALLSEND,171.7,23,1.8,80.2,42.4
09/01/2020,19:00:00,WALLSEND,169.7,23,1.5,81.1,10.1
09/01/2020,20:00:00,WALLSEND,165.1,22.7,1.3,84.5,-1
09/01/2020,21:00:00,WALLSEND,174.6,22.5,1.2,85.9,-1.3
09/01/2020,22:00:00,WALLSEND,186,22,1.2,87.4,-2.1
09/01/2020,23:00:00,WALLSEND,179.4,21.7,1,89.1,-1.9
10/01/2020,01:00:00,WALLSEND,199.6,21.1,0.7,93.1,-1.5
10/01/2020,02:00:00,WALLSEND,196.9,21.3,0.9,92.2,-1.1
10/01/2020,03:00:00,WALLSEND,174.2,21.3,1,91.8,-1.2
10/01/2020,04:00:00,WALLSEND,209.9,21.4,0.7,91.8,-1.2
10/01/2020,05:00:00,WALLSEND,185.3,21.5,0.7,91.6,-0.7
10/01/2020,06:00:00,WALLSEND,204.5,21.8,0.7,90.8,23.9
10/01/2020,07:00:00,WALLSEND,175.9,23,0.7,86,159.7
10/01/2020,08:00:00,WALLSEND,88.3,24.9,1.3,78.2,385.6
10/01/2020,09:00:00,WALLSEND,81.7,26.6,2.3,69.4,697
10/01/2020,10:00:00,WALLSEND,59.2,27.8,2,63.5,743.8
10/01/2020,11:00:00,WALLSEND,22.8,29.4,1.7,57,967
10/01/2020,12:00:00,WALLSEND,87.5,31,2.4,54,1024.3
10/01/2020,13:00:00,WALLSEND,108.1,31.2,4.1,55,1027.5
10/01/2020,14:00:00,WALLSEND,109.8,32.5,4.6,51.5,962.5
10/01/2020,15:00:00,WALLSEND,100.4,33.5,4.2,48.6,835.5
10/01/2020,16:00:00,WALLSEND,106.8,33.8,4.2,48.1,650
10/01/2020,17:00:00,WALLSEND,89.2,34.4,4.3,45.8,395.3
10/01/2020,18:00:00,WALLSEND,91,33.2,3.5,48.5,94.3
10/01/2020,19:00:00,WALLSEND,83.1,31.5,1.6,51.6,29.3
10/01/2020,20:00:00,WALLSEND,33.4,29.9,0.9,55.8,-1.8
10/01/2020,21:00:00,WALLSEND,59.6,29,1,59.2,-2.5
10/01/2020,22:00:00,WALLSEND,43.9,28.1,0.7,64,-2.3
10/01/2020,23:00:00,WALLSEND,29.9,27.4,0.7,66.9,-2.3
11/01/2020,01:00:00,WALLSEND,354.7,26.3,0.4,70.9,-1.8
11/01/2020,02:00:00,WALLSEND,314.6,25.6,0.2,74.2,-1.5
11/01/2020,03:00:00,WALLSEND,207.1,25.3,1.6,74.3,-1.2
11/01/2020,04:00:00,WALLSEND,202.7,22.1,5.3,80.6,-0.1
11/01/2020,05:00:00,WALLSEND,200.4,21.7,5.3,81.5,-1.4
11/01/2020,06:00:00,WALLSEND,200.3,21.9,4.6,83.7,15.7
11/01/2020,07:00:00,WALLSEND,197.6,21.1,3.6,87.9,38.1
11/01/2020,08:00:00,WALLSEND,185,20.7,2.4,88,18.5
11/01/2020,09:00:00,WALLSEND,199.2,20.5,2.2,89.3,45.1
11/01/2020,10:00:00,WALLSEND,192.1,19.4,2.7,92,67.6
11/01/2020,11:00:00,WALLSEND,191.7,18.8,3,92.3,82.5
11/01/2020,12:00:00,WALLSEND,183.4,19.1,2.7,90.1,171
11/01/2020,13:00:00,WALLSEND,177.5,19.6,2.8,83.9,222.5
11/01/2020,14:00:00,WALLSEND,177,20.7,2.3,73.3,168.7
11/01/2020,15:00:00,WALLSEND,178.6,20.8,2.7,69,127.1
11/01/2020,16:00:00,WALLSEND,178.4,21.1,2.3,65.7,124.4
11/01/2020,17:00:00,WALLSEND,168,21.1,2.3,64.5,97.7
11/01/2020,18:00:00,WALLSEND,170.4,21,2.3,66.8,54.7
11/01/2020,19:00:00,WALLSEND,167.7,20.7,2.3,70.4,7.3
11/01/2020,20:00:00,WALLSEND,147.2,20,2.3,78.2,-0.9
11/01/2020,21:00:00,WALLSEND,155.5,20.5,1.9,76.3,-1.5
11/01/2020,22:00:00,WALLSEND,150.1,20.6,2.2,75,-1.5
11/01/2020,23:00:00,WALLSEND,150.5,20.5,2.2,76.5,-1.5
12/01/2020,01:00:00,WALLSEND,148.5,20.1,3.2,72.4,-2
12/01/2020,02:00:00,WALLSEND,156.7,19.5,2,71,-1.9
12/01/2020,03:00:00,WALLSEND,192.8,18.1,0.8,75.8,-2.4
12/01/2020,04:00:00,WALLSEND,203.4,17,0.8,80.2,-2.4
12/01/2020,05:00:00,WALLSEND,174.8,16.9,1,79,-2.4
12/01/2020,06:00:00,WALLSEND,156.9,18.6,2.1,66.6,31.6
12/01/2020,07:00:00,WALLSEND,148.7,20,3.2,63.1,167.6
12/01/2020,08:00:00,WALLSEND,133,21.2,4.2,57.5,339
12/01/2020,09:00:00,WALLSEND,130.1,21.6,4.7,57.5,456.3
12/01/2020,10:00:00,WALLSEND,137.2,22.2,5.3,54.3,551.3
12/01/2020,11:00:00,WALLSEND,141.1,23,5.2,50.5,850.7
12/01/2020,12:00:00,WALLSEND,133.1,23.2,5.2,50.2,831
12/01/2020,13:00:00,WALLSEND,130.3,23.2,4.7,50.6,763.4
12/01/2020,14:00:00,WALLSEND,133.9,23.1,4.6,50.7,681.2
12/01/2020,15:00:00,WALLSEND,129.9,22.8,4.6,53.7,515.1
12/01/2020,16:00:00,WALLSEND,124.4,22.2,4.5,58.4,257.6
12/01/2020,17:00:00,WALLSEND,147.4,21.2,3.8,65.7,61.5
12/01/2020,18:00:00,WALLSEND,142.8,21,4.4,67.2,29.2
12/01/2020,19:00:00,WALLSEND,143.9,19.9,4,75.2,5.9
12/01/2020,20:00:00,WALLSEND,139.4,19.1,2.4,80,-1.5
12/01/2020,21:00:00,WALLSEND,142.3,20.2,3,73.1,-2.4
12/01/2020,22:00:00,WALLSEND,131.4,20.5,3.1,71.1,-1.5
12/01/2020,23:00:00,WALLSEND,132.5,20.6,3.3,69.6,-1.5
13/01/2020,01:00:00,WALLSEND,135.5,20.3,1.7,71.3,-1.8
13/01/2020,02:00:00,WALLSEND,172.5,19.5,0.5,75.3,-1.9
13/01/2020,03:00:00,WALLSEND,202.6,19.3,0.6,78.3,-1.4
13/01/2020,04:00:00,WALLSEND,195.1,19.3,0.7,76.6,-1.5
13/01/2020,05:00:00,WALLSEND,197.4,19.1,0.6,77.4,-1.1
13/01/2020,06:00:00,WALLSEND,147,19.7,2.2,77,41.7
13/01/2020,07:00:00,WALLSEND,129,21.2,1.7,68.9,219.5
13/01/2020,08:00:00,WALLSEND,129.1,22.6,2.7,57.4,459.4
13/01/2020,09:00:00,WALLSEND,109.6,23.4,3.1,53.5,643.8
13/01/2020,10:00:00,WALLSEND,122.7,23.6,3.5,55.3,657.3
13/01/2020,11:00:00,WALLSEND,122.4,24,4.1,57.2,897.7
13/01/2020,12:00:00,WALLSEND,119.7,24.6,4.6,55.1,1047.8
13/01/2020,13:00:00,WALLSEND,113.2,25.1,4.5,53.1,1049.9
13/01/2020,14:00:00,WALLSEND,113.4,24.8,4.8,55.6,887.1
13/01/2020,15:00:00,WALLSEND,117.3,24.6,5.4,57.7,786
13/01/2020,16:00:00,WALLSEND,113,23.7,5.7,63.5,522.1
13/01/2020,17:00:00,WALLSEND,110.2,23.1,4.8,64.2,278.1
13/01/2020,18:00:00,WALLSEND,114.7,22.6,4.8,69.5,109.5
13/01/2020,19:00:00,WALLSEND,113.8,22.1,3.8,74.8,33.1
13/01/2020,20:00:00,WALLSEND,115.1,21.5,2.6,78.3,-1.5
13/01/2020,21:00:00,WALLSEND,107.8,21.2,1.6,78,-3
13/01/2020,22:00:00,WALLSEND,103.3,20.9,0.8,78.9,-2.8
13/01/2020,23:00:00,WALLSEND,91,21.3,1.4,78.3,-2.6
14/01/2020,01:00:00,WALLSEND,112,21.7,1.5,78,-1.9
14/01/2020,02:00:00,WALLSEND,145.8,21.1,1,82,-2.1
14/01/2020,03:00:00,WALLSEND,219.7,19.8,0.3,86.2,-2.2
14/01/2020,04:00:00,WALLSEND,207.6,18.7,0.7,89.7,-2.3
14/01/2020,05:00:00,WALLSEND,209.6,18.1,0.8,91.7,-1.7
14/01/2020,06:00:00,WALLSEND,206.5,18.4,0.8,92.5,44.1
14/01/2020,07:00:00,WALLSEND,202.7,21.1,1.1,83.5,234.3
14/01/2020,08:00:00,WALLSEND,122.3,23.7,1.6,70.8,291.6
14/01/2020,09:00:00,WALLSEND,98.8,24.5,2.8,65.1,449.4
14/01/2020,10:00:00,WALLSEND,113.8,25.5,3.8,61.3,768.6
14/01/2020,11:00:00,WALLSEND,109,26.1,4.6,60.2,1023.6
14/01/2020,12:00:00,WALLSEND,112,26.4,5.1,57.8,1075.6
14/01/2020,13:00:00,WALLSEND,112.3,26.9,5,54.8,1065.9
14/01/2020,14:00:00,WALLSEND,112.8,27.1,4.9,53.8,995.7
14/01/2020,15:00:00,WALLSEND,107.9,26.4,5.7,56.2,856.1
14/01/2020,16:00:00,WALLSEND,108.8,25.8,5.7,60,659.9
14/01/2020,17:00:00,WALLSEND,106.5,25.1,5.4,64.3,395.7
14/01/2020,18:00:00,WALLSEND,117.1,24.2,5,69.3,113.8
14/01/2020,19:00:00,WALLSEND,118.5,23.3,3.9,72.7,33.9
14/01/2020,20:00:00,WALLSEND,117.8,22.7,3.2,74.7,-2
14/01/2020,21:00:00,WALLSEND,121.6,22.4,2.6,73.6,-2.7
14/01/2020,22:00:00,WALLSEND,144.9,22,1.9,77.2,-2.9
14/01/2020,23:00:00,WALLSEND,158.1,21.6,1.3,79,-2.6
15/01/2020,01:00:00,WALLSEND,211.8,20.3,0.7,83.1,-2.3
15/01/2020,02:00:00,WALLSEND,194.9,19.6,0.7,85.3,-2.5
15/01/2020,03:00:00,WALLSEND,176.7,19,0.8,88.9,-2.7
15/01/2020,04:00:00,WALLSEND,194.1,18.9,0.9,89.9,-2.6
15/01/2020,05:00:00,WALLSEND,196.5,18.7,0.9,91.3,-1.3
15/01/2020,06:00:00,WALLSEND,190.1,19.4,1.1,90.3,50
15/01/2020,07:00:00,WALLSEND,189.2,21.5,1.4,83.6,223.8
15/01/2020,08:00:00,WALLSEND,188,23.4,1.4,73.6,248.4
15/01/2020,09:00:00,WALLSEND,145.3,24.5,1.9,66.6,409
15/01/2020,10:00:00,WALLSEND,129.1,25.3,2.5,64.7,569.5
15/01/2020,11:00:00,WALLSEND,126.8,25.7,3.2,64.5,663.1
15/01/2020,12:00:00,WALLSEND,128.6,25.4,4.1,67.2,580.6
15/01/2020,13:00:00,WALLSEND,132.3,25.4,4,67.9,601.2
15/01/2020,14:00:00,WALLSEND,134.3,25.5,4.4,70.3,608.6
15/01/2020,15:00:00,WALLSEND,135.5,26,4.9,71.5,638.3
15/01/2020,16:00:00,WALLSEND,125.5,26.2,4.5,72.1,389
15/01/2020,17:00:00,WALLSEND,137.9,25.8,4.2,75.7,184.8
15/01/2020,18:00:00,WALLSEND,121.1,26.5,2.8,71.2,96.5
15/01/2020,19:00:00,WALLSEND,84,26.6,2.1,69.3,36.9
15/01/2020,20:00:00,WALLSEND,74.8,25.7,1.3,73,-0.9
15/01/2020,21:00:00,WALLSEND,72.7,24.9,1.2,77.7,-2.4
15/01/2020,22:00:00,WALLSEND,80.7,24.1,0.9,81.9,-2.5
15/01/2020,23:00:00,WALLSEND,75.5,23.6,0.8,83.7,-2.3
16/01/2020,01:00:00,WALLSEND,150,22.9,0.4,84.6,-2
16/01/2020,02:00:00,WALLSEND,250.7,21.9,0.1,88.2,-2.2
16/01/2020,03:00:00,WALLSEND,332.7,21.4,0.4,87.3,-2.2
16/01/2020,04:00:00,WALLSEND,240.1,20.8,0.3,88.6,-2
16/01/2020,05:00:00,WALLSEND,254.2,20.2,0.3,91,-1.7
16/01/2020,06:00:00,WALLSEND,206.5,20.3,0.4,91.2,21.2
16/01/2020,07:00:00,WALLSEND,203.5,22.1,0.8,85.9,126.3
16/01/2020,08:00:00,WALLSEND,200.4,24.4,1.1,76.9,311.1
16/01/2020,09:00:00,WALLSEND,198.2,26.8,1.8,69.9,507.9
16/01/2020,10:00:00,WALLSEND,175.1,27.9,2.1,65.7,654.5
16/01/2020,11:00:00,WALLSEND,176.6,29.4,1.8,58.8,646.1
16/01/2020,12:00:00,WALLSEND,173.1,29,1.8,58.2,307.6
16/01/2020,13:00:00,WALLSEND,340.8,21.3,1.7,90.9,21.7
16/01/2020,14:00:00,WALLSEND,35.8,21.2,1,96.3,104.9
16/01/2020,15:00:00,WALLSEND,35.5,21.7,1.1,91,129.8
16/01/2020,16:00:00,WALLSEND,350.9,22.9,1.8,84.8,261.5
16/01/2020,17:00:00,WALLSEND,339.1,24.9,2.4,73.4,262.6
16/01/2020,18:00:00,WALLSEND,339.1,24.9,1.4,64.9,85.1
16/01/2020,19:00:00,WALLSEND,354.5,24.2,1,76.2,24.4
16/01/2020,20:00:00,WALLSEND,12.7,23.4,0.7,78.7,-1.3
16/01/2020,21:00:00,WALLSEND,169,23,0.4,82.3,-1.4
16/01/2020,22:00:00,WALLSEND,179.7,22.5,0.6,87.6,-1.8
16/01/2020,23:00:00,WALLSEND,79.5,21.8,0.2,89.1,-2.2
17/01/2020,01:00:00,WALLSEND,142.8,21.2,2,91.6,-2.2
17/01/2020,02:00:00,WALLSEND,173.7,21.1,1.5,91.1,-2.1
17/01/2020,03:00:00,WALLSEND,197.5,21.3,1.5,89.8,-2.1
17/01/2020,04:00:00,WALLSEND,206.1,21.3,1.4,89.7,-2.1
17/01/2020,05:00:00,WALLSEND,209.2,21,1.2,89.5,-1.7
17/01/2020,06:00:00,WALLSEND,201.9,21.1,0.9,89.9,20.6
17/01/2020,07:00:00,WALLSEND,211.5,22.1,1.3,87.7,98.7
17/01/2020,08:00:00,WALLSEND,214.1,23.2,1.4,84,177.3
17/01/2020,09:00:00,WALLSEND,211.1,24.4,1.1,78.3,286.6
17/01/2020,10:00:00,WALLSEND,163.4,24.6,2.5,78.8,278.1
17/01/2020,11:00:00,WALLSEND,206.1,23.2,2.5,80.4,194.9
17/01/2020,12:00:00,WALLSEND,212.8,21.2,2.5,87.7,126.2
17/01/2020,13:00:00,WALLSEND,207.8,21.1,2.1,93.5,286
17/01/2020,14:00:00,WALLSEND,205.8,22,2.7,87.8,236.7
17/01/2020,15:00:00,WALLSEND,196.4,21.4,2.5,91.2,174.2
17/01/2020,16:00:00,WALLSEND,173.7,21.7,2.7,89.3,171
17/01/2020,17:00:00,WALLSEND,161.8,22.2,3.6,83.9,141.9
17/01/2020,18:00:00,WALLSEND,170.4,22.2,2.4,79.9,89.9
17/01/2020,19:00:00,WALLSEND,175.2,22,2.3,79.7,26.5
17/01/2020,20:00:00,WALLSEND,195.9,21.5,1.4,85,-1.6
17/01/2020,21:00:00,WALLSEND,202.5,21.4,1.7,88.5,-2
17/01/2020,22:00:00,WALLSEND,217.5,21.1,1.8,88.4,-1.2
17/01/2020,23:00:00,WALLSEND,218.5,20.6,1.9,88.7,-1.2
18/01/2020,01:00:00,WALLSEND,220.5,20.3,1.6,89.1,-1.4
18/01/2020,02:00:00,WALLSEND,236,20.3,1.3,90.1,-2
18/01/2020,03:00:00,WALLSEND,252.9,20.3,0.7,90.8,-1.3
18/01/2020,04:00:00,WALLSEND,252.5,20,0.5,94.6,-1.1
18/01/2020,05:00:00,WALLSEND,241.8,19.9,0.6,95.6,-1
18/01/2020,08:00:00,WALLSEND,222.4,20.7,1.6,93.2,162
18/01/2020,09:00:00,WALLSEND,220.7,21.8,1.8,85.2,229.7
18/01/2020,10:00:00,WALLSEND,219.6,22.4,1.9,81.7,242.2
18/01/2020,11:00:00,WALLSEND,212.1,22.6,1.5,82,216.9
18/01/2020,12:00:00,WALLSEND,207.7,22.7,1.8,82.8,320.6
18/01/2020,13:00:00,WALLSEND,199.3,22.7,2.4,77.8,294.2
18/01/2020,14:00:00,WALLSEND,194,22.3,2.9,77.9,283.5
18/01/2020,15:00:00,WALLSEND,179.7,22.1,2.4,79.7,247.8
18/01/2020,16:00:00,WALLSEND,173.6,21.4,1.9,84.7,156.9
18/01/2020,17:00:00,WALLSEND,177.4,21.4,1.9,83.6,147.2
18/01/2020,18:00:00,WALLSEND,179.5,21.3,2,82.7,54.1
18/01/2020,19:00:00,WALLSEND,181.9,20.6,2.2,85.9,13.1
18/01/2020,20:00:00,WALLSEND,189.1,20.2,2.2,87.3,-1.6
18/01/2020,21:00:00,WALLSEND,193.9,19.7,1.9,91,-1.3
18/01/2020,22:00:00,WALLSEND,198.1,19.5,1.7,92.7,-1.4
18/01/2020,23:00:00,WALLSEND,204.7,19.6,1.5,91.7,-1.7
19/01/2020,01:00:00,WALLSEND,206,19.4,1.4,90.7,-1.6
19/01/2020,02:00:00,WALLSEND,208.3,19.4,1.2,90.2,-1.6
19/01/2020,03:00:00,WALLSEND,213.2,19.4,1.3,88.8,-1.5
19/01/2020,04:00:00,WALLSEND,206.5,19.4,1.2,88.6,-1.6
19/01/2020,05:00:00,WALLSEND,209.4,19.4,1.1,87.9,-1.6
19/01/2020,06:00:00,WALLSEND,204.2,19.5,1.3,87.8,19
19/01/2020,07:00:00,WALLSEND,213.8,20.1,1.1,87,90.1
19/01/2020,08:00:00,WALLSEND,198.8,21.6,1.7,83.1,319.4
19/01/2020,09:00:00,WALLSEND,194,23.1,2,79.5,446.2
19/01/2020,10:00:00,WALLSEND,203.8,23.8,1.8,77.6,437.3
19/01/2020,11:00:00,WALLSEND,204.1,24,1.5,76.8,231.8
19/01/2020,12:00:00,WALLSEND,184,25.4,1.7,72,499.6
19/01/2020,13:00:00,WALLSEND,158.7,25.7,2.8,70.6,582.2
19/01/2020,14:00:00,WALLSEND,167.5,26.3,3,67.5,661.5
19/01/2020,15:00:00,WALLSEND,149.6,24.5,4.6,74,430.5
19/01/2020,16:00:00,WALLSEND,170.4,24.8,2.7,72.5,307.5
19/01/2020,17:00:00,WALLSEND,163.2,24.5,2.9,73.2,242.7
19/01/2020,18:00:00,WALLSEND,168.9,24.3,2.4,72.6,112.5
19/01/2020,19:00:00,WALLSEND,157,23.9,2.1,73.7,34.3
19/01/2020,20:00:00,WALLSEND,164.4,23.2,1,76.2,-1.1
19/01/2020,21:00:00,WALLSEND,291.4,22.2,0.5,83.1,-2
19/01/2020,22:00:00,WALLSEND,231.1,21.2,0.5,88.9,-2.1
19/01/2020,23:00:00,WALLSEND,192.1,20.9,0.6,91.4,-2.2
20/01/2020,01:00:00,WALLSEND,204.2,20.8,1.1,93.7,-2.1
20/01/2020,02:00:00,WALLSEND,252.9,20.8,1.1,92.4,-2.1
20/01/2020,03:00:00,WALLSEND,124.2,20.7,0.2,89.7,-2.1
20/01/2020,04:00:00,WALLSEND,304.5,20,0.8,92.5,-2.2
20/01/2020,05:00:00,WALLSEND,67.9,19.1,0.3,94.8,-1.7
20/01/2020,06:00:00,WALLSEND,29.5,19.1,0.3,96.1,21.5
20/01/2020,07:00:00,WALLSEND,12.3,19.9,0.5,95.5,143.1
20/01/2020,08:00:00,WALLSEND,345.5,23,0.9,83.4,431.9
20/01/2020,09:00:00,WALLSEND,3.1,26.4,0.6,70.4,607.4
20/01/2020,10:00:00,WALLSEND,74.4,28.4,0.7,63.1,793.3
20/01/2020,11:00:00,WALLSEND,101.4,29,2.9,63.7,971.7
20/01/2020,12:00:00,WALLSEND,109.8,29.5,3.7,64.7,1037.4
20/01/2020,13:00:00,WALLSEND,114.1,27.6,4.2,71.8,526.9
20/01/2020,14:00:00,WALLSEND,111,27.4,3,74,283.1
20/01/2020,15:00:00,WALLSEND,36.3,27.3,1.7,76.7,482.2
20/01/2020,16:00:00,WALLSEND,58.4,30.3,3.1,54.4,578.9
20/01/2020,17:00:00,WALLSEND,58,30.5,2.8,54,374.1
20/01/2020,18:00:00,WALLSEND,29.3,28.6,1.9,64.2,179.4
20/01/2020,19:00:00,WALLSEND,18.1,27.7,2.3,65.1,40.7
20/01/2020,20:00:00,WALLSEND,269.7,27.1,0.6,65.1,-1.8
20/01/2020,21:00:00,WALLSEND,202.3,25.7,2.3,67.9,-1.7
20/01/2020,22:00:00,WALLSEND,198.5,24.2,1.1,68.7,-2.1
20/01/2020,23:00:00,WALLSEND,352.6,22.7,0.2,75.1,-2.4
21/01/2020,01:00:00,WALLSEND,255.1,19.6,0.1,89,-2.3
21/01/2020,02:00:00,WALLSEND,207.7,19.1,0.4,91.1,-2.3
21/01/2020,03:00:00,WALLSEND,209.9,18.8,0.6,91.5,-2.5
21/01/2020,04:00:00,WALLSEND,258.8,18.9,0.3,88,-2.6
21/01/2020,05:00:00,WALLSEND,17.9,17.3,0.1,92.1,-2.1
21/01/2020,06:00:00,WALLSEND,10.2,16.9,0.2,93.7,33.5
21/01/2020,07:00:00,WALLSEND,337.9,20.3,0.4,79.8,227.1
21/01/2020,08:00:00,WALLSEND,303.2,25.8,2.6,44.9,449.3
21/01/2020,09:00:00,WALLSEND,324.8,27.8,2.4,39,675.3
21/01/2020,10:00:00,WALLSEND,334.2,29.2,3.6,32.5,870
21/01/2020,11:00:00,WALLSEND,322.4,30.8,4.5,25.8,1019.2
21/01/2020,12:00:00,WALLSEND,319,31.9,3.3,25.6,1085.4
21/01/2020,13:00:00,WALLSEND,318.8,32.8,3.9,25.1,1080.1
21/01/2020,15:00:00,WALLSEND,149.3,28.9,6.5,39.1,864
21/01/2020,16:00:00,WALLSEND,153.7,28.3,5.1,42.5,690.7
21/01/2020,17:00:00,WALLSEND,145.4,27.1,5.2,50.1,460.5
21/01/2020,18:00:00,WALLSEND,133.4,25.9,4.4,59.1,101.5
21/01/2020,19:00:00,WALLSEND,115.1,25,3.5,64.7,33.2
21/01/2020,20:00:00,WALLSEND,102.2,24.1,2,70.3,-2.2
21/01/2020,21:00:00,WALLSEND,60.3,23.6,0.9,74.7,-3.1
21/01/2020,22:00:00,WALLSEND,68.6,23.3,1.1,77.1,-3.4
21/01/2020,23:00:00,WALLSEND,91.8,24,2.1,76.5,-2.5
22/01/2020,01:00:00,WALLSEND,95.2,23.9,2,79.2,-1.6
22/01/2020,02:00:00,WALLSEND,107.6,23.6,1.7,82,-1.8
22/01/2020,03:00:00,WALLSEND,128.6,23.2,1.4,85.3,-2.1
22/01/2020,04:00:00,WALLSEND,141,22.4,0.9,87.7,-2.3
22/01/2020,05:00:00,WALLSEND,205.3,21.8,0.5,90.2,-1.7
22/01/2020,06:00:00,WALLSEND,203.6,21.7,0.7,90.4,29.2
22/01/2020,07:00:00,WALLSEND,192.6,23.7,0.6,83.1,186.6
22/01/2020,08:00:00,WALLSEND,117.5,25.4,0.6,76.5,209
22/01/2020,09:00:00,WALLSEND,345.7,26.4,0.6,73.2,400.7
22/01/2020,10:00:00,WALLSEND,349.7,27.7,1.1,65.2,587.6
22/01/2020,11:00:00,WALLSEND,18.8,30,1,55.9,929.5
22/01/2020,12:00:00,WALLSEND,91.3,30.7,2.8,56.8,1052.2
22/01/2020,13:00:00,WALLSEND,109.2,30.8,4.3,58.4,1070.3
22/01/2020,14:00:00,WALLSEND,111.8,31.2,4.9,54.8,1013.2
22/01/2020,15:00:00,WALLSEND,110,31.1,5,51.8,879.6
22/01/2020,16:00:00,WALLSEND,105.9,30.4,5.8,51.5,694.7
22/01/2020,17:00:00,WALLSEND,99.9,30.3,5.1,47.9,471.4
22/01/2020,18:00:00,WALLSEND,84.5,30.3,3.4,48.7,102.4
22/01/2020,19:00:00,WALLSEND,56.8,29.2,2,49.7,28.8
22/01/2020,20:00:00,WALLSEND,54.5,28.1,1.7,56.9,-2.1
22/01/2020,21:00:00,WALLSEND,33.4,27.2,1.7,59.1,-3.3
22/01/2020,22:00:00,WALLSEND,35.3,26.6,1.2,55.1,-3.5
22/01/2020,23:00:00,WALLSEND,59.8,26.2,0.9,50.2,-3.5
23/01/2020,01:00:00,WALLSEND,347.7,22.7,0.3,62.1,-2.3
23/01/2020,02:00:00,WALLSEND,45.5,21.4,0.4,68.4,-2.4
23/01/2020,03:00:00,WALLSEND,287.4,19.8,0.2,76.3,-2.1
23/01/2020,04:00:00,WALLSEND,312.7,19.3,0.2,80.5,-2.2
23/01/2020,05:00:00,WALLSEND,12.2,19,0.3,81.4,-1.7
23/01/2020,06:00:00,WALLSEND,352.5,19.4,0.9,77.3,29.7
23/01/2020,07:00:00,WALLSEND,9,22.8,0.5,66.1,206.8
23/01/2020,08:00:00,WALLSEND,338.9,28.1,1.6,50.1,435.7
23/01/2020,09:00:00,WALLSEND,343.2,33.1,2.4,40.3,652.6
23/01/2020,10:00:00,WALLSEND,356.6,35.2,2.8,36,837.8
23/01/2020,11:00:00,WALLSEND,327.1,38.3,4.9,28.7,974.1
23/01/2020,12:00:00,WALLSEND,325.6,39.2,4.9,25.9,753.9
23/01/2020,13:00:00,WALLSEND,318.5,40.1,5.5,23,865
23/01/2020,14:00:00,WALLSEND,319,41.1,5.8,21.1,897.5
23/01/2020,15:00:00,WALLSEND,325.3,41.6,5.6,20.6,828.9
23/01/2020,16:00:00,WALLSEND,323.7,41.7,4.5,20.4,591.8
23/01/2020,17:00:00,WALLSEND,328.9,41.4,4.9,20.9,381
23/01/2020,18:00:00,WALLSEND,326,40.4,4.7,23.9,143.9
23/01/2020,19:00:00,WALLSEND,346.7,37.4,3.3,29.8,28.2
23/01/2020,20:00:00,WALLSEND,5,33.6,2.7,41.8,-1.3
23/01/2020,21:00:00,WALLSEND,354.6,32.3,1.9,47.3,-1.9
23/01/2020,22:00:00,WALLSEND,286.6,31.5,2.5,52.5,-1.8
23/01/2020,23:00:00,WALLSEND,305.2,30,2.5,58.1,-2.9
24/01/2020,01:00:00,WALLSEND,301.4,29.2,2.8,60.7,-1.9
24/01/2020,02:00:00,WALLSEND,325.1,29.4,3.1,58.8,-1.9
24/01/2020,03:00:00,WALLSEND,342.3,28.7,1.6,61.2,-1.8
24/01/2020,04:00:00,WALLSEND,313.3,29.7,2.1,55.4,-2.3
24/01/2020,05:00:00,WALLSEND,313.4,29.8,2.9,55.2,-2.4
24/01/2020,06:00:00,WALLSEND,255.5,29.5,1.7,56.8,19
24/01/2020,07:00:00,WALLSEND,207.1,28.8,2.1,62.5,171.7
24/01/2020,08:00:00,WALLSEND,186.3,28.5,2.7,67.6,373.6
24/01/2020,09:00:00,WALLSEND,176.9,28.8,3,62.5,586.4
24/01/2020,10:00:00,WALLSEND,157,28.4,4.7,59.8,613.2
24/01/2020,11:00:00,WALLSEND,167.6,27.3,4,58.6,485.3
24/01/2020,12:00:00,WALLSEND,158.3,26.9,4.6,64.5,596.7
24/01/2020,13:00:00,WALLSEND,159.9,27.5,4.5,62.4,757.3
24/01/2020,14:00:00,WALLSEND,160.9,26.1,3.5,66.6,314.7
24/01/2020,15:00:00,WALLSEND,162.5,25.8,2.6,70.5,519.7
24/01/2020,16:00:00,WALLSEND,131.6,26.7,4,67.8,438.8
24/01/2020,17:00:00,WALLSEND,134.8,25.7,3.7,74.3,162.7
24/01/2020,18:00:00,WALLSEND,113.5,25.6,3.5,75.1,80.2
24/01/2020,19:00:00,WALLSEND,93,25.3,2.8,76.4,37.1
24/01/2020,20:00:00,WALLSEND,113.1,24.7,2.7,80.1,-1.4
24/01/2020,21:00:00,WALLSEND,125.1,24.6,2.3,79,-2.2
24/01/2020,22:00:00,WALLSEND,122.4,24.4,2,79.8,-2.3
24/01/2020,23:00:00,WALLSEND,151.4,24.6,1.9,79.4,-1.4
25/01/2020,01:00:00,WALLSEND,153.3,24.5,2,80,-1.3
25/01/2020,02:00:00,WALLSEND,159.2,24.4,1.5,81.5,-1.3
25/01/2020,03:00:00,WALLSEND,163.6,24.3,1.2,83.1,-1.3
25/01/2020,04:00:00,WALLSEND,148.2,24.3,2.2,83.6,-1.2
25/01/2020,05:00:00,WALLSEND,150.5,24.2,2.7,83.6,-1.2
25/01/2020,06:00:00,WALLSEND,155.5,24,2.4,85.2,1.9
25/01/2020,07:00:00,WALLSEND,156.4,23,2,93.5,14.4
25/01/2020,08:00:00,WALLSEND,168.7,22.9,1.2,95.5,43.7
25/01/2020,09:00:00,WALLSEND,176.8,23.1,0.8,96.1,55.3
25/01/2020,10:00:00,WALLSEND,183.1,23.7,1,95.9,130.7
25/01/2020,11:00:00,WALLSEND,150.6,24.2,1.5,94.8,298.2
25/01/2020,12:00:00,WALLSEND,120.2,25.9,2.2,86.2,478.6
25/01/2020,13:00:00,WALLSEND,134,26.3,3.3,83.1,422.1
25/01/2020,14:00:00,WALLSEND,126.1,27.7,3.8,77.8,957.5
25/01/2020,15:00:00,WALLSEND,130.5,27.8,3.3,75.7,727.8
25/01/2020,16:00:00,WALLSEND,132.3,27.7,3.7,75.9,439.8
25/01/2020,17:00:00,WALLSEND,129.4,26.5,3.7,80.5,283.5
25/01/2020,18:00:00,WALLSEND,126.5,26.2,2.6,84.2,86.5
25/01/2020,19:00:00,WALLSEND,136.6,26.1,1.1,83.9,30.7
25/01/2020,20:00:00,WALLSEND,210.7,25.8,1.1,85.4,-1.3
25/01/2020,21:00:00,WALLSEND,199.9,25.5,1.2,87.6,-1.7
25/01/2020,22:00:00,WALLSEND,150.1,25,2.4,90.8,-1.4
25/01/2020,23:00:00,WALLSEND,137.3,24.3,1.4,91.9,-1.4
26/01/2020,01:00:00,WALLSEND,224.8,24.1,0.4,92.2,-1.7
26/01/2020,02:00:00,WALLSEND,156.3,23.8,0.3,93.1,-1.7
26/01/2020,03:00:00,WALLSEND,157.3,23.5,0.3,94.5,-1.8
26/01/2020,04:00:00,WALLSEND,260.4,23.2,0.4,94.9,-1.8
26/01/2020,05:00:00,WALLSEND,207,22.7,0.4,95.9,-1.9
26/01/2020,06:00:00,WALLSEND,204.5,22.9,0.3,96.4,21.4
26/01/2020,07:00:00,WALLSEND,231,24.3,0.6,92.5,197.4
26/01/2020,08:00:00,WALLSEND,273.1,26.9,0.4,80.5,395.8
26/01/2020,09:00:00,WALLSEND,329.8,29.6,1.7,66.3,649.7
26/01/2020,10:00:00,WALLSEND,332.3,31.4,2.2,57.3,819.9
26/01/2020,11:00:00,WALLSEND,315.6,33.9,2.5,44.9,926.3
26/01/2020,12:00:00,WALLSEND,328,35.5,3.3,39.7,1047.6
26/01/2020,13:00:00,WALLSEND,118.3,35.1,0.8,43,1064.3
26/01/2020,14:00:00,WALLSEND,125.3,31.4,6.9,57.7,913.5
26/01/2020,15:00:00,WALLSEND,110.2,30.5,5.6,57.6,413
26/01/2020,16:00:00,WALLSEND,117.2,29.5,3.6,58.2,69.3
26/01/2020,17:00:00,WALLSEND,3.6,27.7,2.9,64.5,27.2
26/01/2020,18:00:00,WALLSEND,8.9,25.1,2.1,72.3,6.6
26/01/2020,19:00:00,WALLSEND,12,23.4,1.1,82.6,6.3
26/01/2020,20:00:00,WALLSEND,292.6,24,0.4,78.4,-1.6
26/01/2020,21:00:00,WALLSEND,275.4,24.4,0.3,77.3,-1.7
26/01/2020,22:00:00,WALLSEND,291.2,23.9,0.2,81.9,-2.4
26/01/2020,23:00:00,WALLSEND,47.4,23.2,0.8,84,-2.3
27/01/2020,01:00:00,WALLSEND,297.5,22.5,0.2,87.6,-2
27/01/2020,02:00:00,WALLSEND,209.1,22.3,0.7,87,-2.3
27/01/2020,03:00:00,WALLSEND,209,22.3,0.8,86.8,-2.3
27/01/2020,04:00:00,WALLSEND,206.1,23.4,1.4,90.4,-1.9
27/01/2020,05:00:00,WALLSEND,210.5,23.9,1,89.7,-1.5
27/01/2020,06:00:00,WALLSEND,212.8,24.3,0.8,88,19
27/01/2020,07:00:00,WALLSEND,219,24.8,1.1,85.2,69
27/01/2020,08:00:00,WALLSEND,203,25.7,1.2,80.6,166.4
27/01/2020,09:00:00,WALLSEND,182.5,26.3,1.7,76.3,263.5
27/01/2020,10:00:00,WALLSEND,175.3,26.7,1.8,74.4,314.5
27/01/2020,11:00:00,WALLSEND,183.9,27.3,1.4,71.6,338.6
27/01/2020,12:00:00,WALLSEND,171,27.9,1.3,69.5,375.2
27/01/2020,13:00:00,WALLSEND,166.7,28.1,1.3,69.1,426.3
27/01/2020,14:00:00,WALLSEND,123.7,28.6,3.2,69.3,806.3
27/01/2020,15:00:00,WALLSEND,125.7,28.1,4.6,71.2,844.7
27/01/2020,16:00:00,WALLSEND,112.8,27.6,4.1,73.7,632
27/01/2020,17:00:00,WALLSEND,101.6,27.6,3.9,68.6,443.6
27/01/2020,18:00:00,WALLSEND,103.3,27.9,2.8,65.6,102.9
27/01/2020,19:00:00,WALLSEND,95,27.5,2.2,66.6,19.7
27/01/2020,20:00:00,WALLSEND,72.4,26.5,1.1,70.4,-2
27/01/2020,21:00:00,WALLSEND,99.6,25.5,0.4,72.4,-2.2
27/01/2020,22:00:00,WALLSEND,83.3,24.9,0.6,74.4,-2.5
27/01/2020,23:00:00,WALLSEND,98.7,24.3,0.7,76.9,-2.4
28/01/2020,01:00:00,WALLSEND,190.3,22.9,0.4,84,-2
28/01/2020,02:00:00,WALLSEND,208.2,22.3,0.6,86.4,-2
28/01/2020,03:00:00,WALLSEND,209.1,21.6,0.5,89.5,-2
28/01/2020,04:00:00,WALLSEND,202.2,21.3,0.6,90.7,-2.1
28/01/2020,05:00:00,WALLSEND,215,20.8,0.4,92.6,-2
28/01/2020,06:00:00,WALLSEND,206.5,21,0.5,92.7,23.6
28/01/2020,07:00:00,WALLSEND,170.3,23.4,0.8,84.7,185.5
28/01/2020,08:00:00,WALLSEND,139.5,26.1,0.9,74.9,387.6
28/01/2020,09:00:00,WALLSEND,152.8,27.7,0.9,69.7,535.2
28/01/2020,10:00:00,WALLSEND,114.6,29.8,1.1,62.6,751.9
28/01/2020,11:00:00,WALLSEND,123.1,31.4,2.2,57.7,930.8
28/01/2020,12:00:00,WALLSEND,108.3,31.3,3.3,57.7,735.6
28/01/2020,13:00:00,WALLSEND,117.1,30.4,3.9,60.1,743.8
28/01/2020,14:00:00,WALLSEND,112,31,4,59,685.4
28/01/2020,15:00:00,WALLSEND,112.7,32.6,4.4,55,705.6
28/01/2020,16:00:00,WALLSEND,113.3,31.8,3.2,56.1,181
28/01/2020,17:00:00,WALLSEND,104.9,31,1.7,57,57.7
28/01/2020,18:00:00,WALLSEND,174.1,30.3,1.1,59.3,52
28/01/2020,19:00:00,WALLSEND,196,27.5,1.9,71.2,13.6
28/01/2020,20:00:00,WALLSEND,357.7,24.4,1.7,86.3,0.5
28/01/2020,21:00:00,WALLSEND,201.2,25.1,1.9,85.1,-0.3
28/01/2020,22:00:00,WALLSEND,204.6,24.8,2.7,86,-1.4
28/01/2020,23:00:00,WALLSEND,199.6,24.6,2.5,85.7,-2
29/01/2020,01:00:00,WALLSEND,196.8,24.7,1.8,87.1,-2.1
29/01/2020,02:00:00,WALLSEND,207.9,24.5,1.6,87.4,-1.7
29/01/2020,03:00:00,WALLSEND,203,24.6,1.7,86.9,-1.6
29/01/2020,04:00:00,WALLSEND,192.6,24.4,1.9,87.9,-1.6
29/01/2020,05:00:00,WALLSEND,195.2,24.4,1.7,88.8,-1.6
29/01/2020,06:00:00,WALLSEND,193.4,24.3,1.8,87.7,3.3
29/01/2020,07:00:00,WALLSEND,196.3,23.9,1.8,91.2,30.6
29/01/2020,08:00:00,WALLSEND,187,23.6,2,90.8,75.5
29/01/2020,09:00:00,WALLSEND,178.4,24.5,2.1,83.7,145.6
29/01/2020,10:00:00,WALLSEND,175.6,24.9,2.4,81.2,215.9
29/01/2020,11:00:00,WALLSEND,169.3,25.3,2.9,78.2,308.4
29/01/2020,12:00:00,WALLSEND,168.8,24.9,2.7,76,258
29/01/2020,13:00:00,WALLSEND,172.9,25.5,2.3,75.3,446.4
29/01/2020,14:00:00,WALLSEND,158.5,26,3.1,74.4,557.9
29/01/2020,15:00:00,WALLSEND,145.1,26.2,4.3,72.2,566.8
29/01/2020,16:00:00,WALLSEND,139.3,25.8,4.6,73.8,283.4
29/01/2020,17:00:00,WALLSEND,134.8,25.1,4.8,75.9,192.6
29/01/2020,18:00:00,WALLSEND,132.9,24.7,4.6,78.2,93.8
29/01/2020,19:00:00,WALLSEND,138.5,24.3,4.2,80,17.6
29/01/2020,20:00:00,WALLSEND,135,24,3.5,80.9,-1.2
29/01/2020,21:00:00,WALLSEND,136.8,23.8,3,81.5,-1.9
29/01/2020,22:00:00,WALLSEND,141.9,23.5,2.5,81.9,-1.9
29/01/2020,23:00:00,WALLSEND,146.9,23.3,2.1,82.4,-2
30/01/2020,01:00:00,WALLSEND,212.4,21.7,0.7,90.4,-2.1
30/01/2020,02:00:00,WALLSEND,206.6,21,0.7,92.6,-2.2
30/01/2020,03:00:00,WALLSEND,194.1,20.3,0.7,94.4,-2.1
30/01/2020,04:00:00,WALLSEND,215.5,20,0.5,95.3,-2.1
30/01/2020,05:00:00,WALLSEND,202.7,19.8,0.6,95.8,-2.1
30/01/2020,06:00:00,WALLSEND,209.2,19.8,0.7,96.1,24
30/01/2020,07:00:00,WALLSEND,198,21.5,0.7,92.1,164.9
30/01/2020,08:00:00,WALLSEND,198.1,23.8,1.1,81.2,328.5
30/01/2020,09:00:00,WALLSEND,150.5,25.3,1.1,73,480.2
30/01/2020,10:00:00,WALLSEND,127.9,26.7,1.8,67.1,646
30/01/2020,11:00:00,WALLSEND,119,26.9,2.7,66,595
30/01/2020,12:00:00,WALLSEND,124.5,27.9,3.2,63.2,957.5
30/01/2020,13:00:00,WALLSEND,121.2,27.9,4.1,64.3,975.2
30/01/2020,14:00:00,WALLSEND,113.2,27.9,4.2,66.1,940.5
30/01/2020,15:00:00,WALLSEND,108.2,27.6,4.4,67.8,808.4
30/01/2020,16:00:00,WALLSEND,108.3,27.4,4.5,69.1,636.9
30/01/2020,17:00:00,WALLSEND,99.6,27,4.5,71.1,424.4
30/01/2020,18:00:00,WALLSEND,102.4,26.2,4.1,78.3,115.7
30/01/2020,19:00:00,WALLSEND,96.2,25.6,2.9,82.2,25.8
30/01/2020,20:00:00,WALLSEND,98.9,24.8,1.6,85.2,-2.2
30/01/2020,21:00:00,WALLSEND,94.6,24.6,1.9,87,-2.9
30/01/2020,22:00:00,WALLSEND,95.6,24.3,1.5,88.2,-2.8
30/01/2020,23:00:00,WALLSEND,99.6,23.8,0.6,89.8,-2.5
31/01/2020,01:00:00,WALLSEND,204.2,22.6,0.7,92.8,-2.2
31/01/2020,02:00:00,WALLSEND,205.5,21.9,0.8,94.6,-2.1
31/01/2020,03:00:00,WALLSEND,205.8,21.6,0.6,95.8,-2.1
31/01/2020,04:00:00,WALLSEND,202,21.2,0.7,96.5,-2
31/01/2020,05:00:00,WALLSEND,202.2,20.9,0.5,96.9,-1.8
31/01/2020,06:00:00,WALLSEND,209.7,20.8,0.4,97.2,19.9
31/01/2020,07:00:00,WALLSEND,17.9,22.6,0.3,95.1,160.3
31/01/2020,08:00:00,WALLSEND,357.3,24,1.9,88.9,322.5
31/01/2020,09:00:00,WALLSEND,332.2,25.3,1.8,82.6,495.9
31/01/2020,10:00:00,WALLSEND,337.3,26.8,1.6,77,767.2
31/01/2020,11:00:00,WALLSEND,353.2,29.5,1.5,66.4,946.8
31/01/2020,12:00:00,WALLSEND,34.2,32,1.4,57.5,1029.2
31/01/2020,13:00:00,WALLSEND,94.3,33.5,2.8,55.3,1036.2
31/01/2020,14:00:00,WALLSEND,114.3,34.1,4.2,52.8,977.5
31/01/2020,15:00:00,WALLSEND,101.8,34.6,4.7,49.4,856
31/01/2020,16:00:00,WALLSEND,90.2,34.4,4.2,48.7,681.4
31/01/2020,17:00:00,WALLSEND,92.3,33.6,4.5,51.3,464.7
31/01/2020,18:00:00,WALLSEND,89.1,31.8,3.9,58.4,97.5
31/01/2020,19:00:00,WALLSEND,68.1,29.8,1.8,62.6,21.9
31/01/2020,20:00:00,WALLSEND,75,28,1.3,69.1,-1.9
31/01/2020,21:00:00,WALLSEND,65.4,26.9,0.9,73.1,-2.6
31/01/2020,22:00:00,WALLSEND,71.2,26.4,1,74.9,-2.6
31/01/2020,23:00:00,WALLSEND,80.6,25.7,1.1,78.1,-2.5
01/02/2020,01:00:00,WALLSEND,52.5,24.7,0.7,82,-2.5
01/02/2020,02:00:00,WALLSEND,51.7,24.2,0.5,82.2,-2.2
01/02/2020,03:00:00,WALLSEND,15.8,23.8,0.5,83.1,-2.2
01/02/2020,04:00:00,WALLSEND,31.4,23.5,0.6,84.1,-2.2
01/02/2020,05:00:00,WALLSEND,15.3,23.1,0.6,85.8,-1.8
01/02/2020,06:00:00,WALLSEND,9.7,22.9,0.5,87.5,22
01/02/2020,07:00:00,WALLSEND,13.4,24.4,1,82.9,175.1
01/02/2020,08:00:00,WALLSEND,11.8,27,2.2,73.3,389.4
01/02/2020,09:00:00,WALLSEND,22.3,30.2,2,63.4,603.8
01/02/2020,10:00:00,WALLSEND,332,36.2,2.8,42.2,785.9
01/02/2020,11:00:00,WALLSEND,326.1,38.9,4.5,31.9,937.2
01/02/2020,12:00:00,WALLSEND,323.4,40.6,4.1,29.2,1015.4
01/02/2020,13:00:00,WALLSEND,326,42,3.7,26.5,1023.4
01/02/2020,14:00:00,WALLSEND,330.5,43.1,3.2,24.1,959.2
01/02/2020,15:00:00,WALLSEND,344.6,43.5,3.4,22.8,802.4
01/02/2020,16:00:00,WALLSEND,37.4,42.5,2.8,27,596.8
01/02/2020,17:00:00,WALLSEND,85.8,38.4,3.5,42.6,424.1
01/02/2020,18:00:00,WALLSEND,89.4,36.4,2.3,46.5,122
01/02/2020,19:00:00,WALLSEND,91.7,34.5,0.9,49.7,30.8
01/02/2020,20:00:00,WALLSEND,63.7,32.4,0.7,53,-2.3
01/02/2020,21:00:00,WALLSEND,87.2,31.4,0.9,52.8,-2.6
01/02/2020,22:00:00,WALLSEND,59.4,30.2,0.5,56.2,-2.1
01/02/2020,23:00:00,WALLSEND,65.1,29.4,0.3,58,-1.9
02/02/2020,01:00:00,WALLSEND,64.4,28.7,0.8,63.5,-2.1
02/02/2020,02:00:00,WALLSEND,23.3,27.8,0.8,69.4,-1.9
02/02/2020,03:00:00,WALLSEND,48.3,27,0.7,73.2,-2
02/02/2020,04:00:00,WALLSEND,16.4,26.2,0.4,77.1,-1.8
02/02/2020,05:00:00,WALLSEND,20.8,25.2,0.4,81.7,-1.7
02/02/2020,06:00:00,WALLSEND,76.2,26.2,0.5,75.2,13.1
02/02/2020,07:00:00,WALLSEND,301.2,32.8,1.1,44.8,145.5
02/02/2020,08:00:00,WALLSEND,292.2,35.8,2.3,36.6,359.5
02/02/2020,09:00:00,WALLSEND,292.3,37.1,3.4,32.4,578.3
02/02/2020,10:00:00,WALLSEND,300.6,38.1,4.7,29.9,771.9
02/02/2020,11:00:00,WALLSEND,308.4,39.8,4.6,27.6,950.8
02/02/2020,12:00:00,WALLSEND,314.8,40.6,4.1,26.3,885.8
02/02/2020,13:00:00,WALLSEND,117.2,35.1,4.1,48.3,893.7
02/02/2020,14:00:00,WALLSEND,117.3,31.7,4.8,59.9,809.1
02/02/2020,15:00:00,WALLSEND,160.5,31.3,3.3,61,710.8
02/02/2020,16:00:00,WALLSEND,138.4,30,4.1,64.6,382.7
02/02/2020,17:00:00,WALLSEND,164.6,27.5,3.3,78,176.7
02/02/2020,18:00:00,WALLSEND,184.5,26.6,3.9,83.8,77.9
02/02/2020,19:00:00,WALLSEND,177.2,25.6,4.2,85.8,10.3
02/02/2020,20:00:00,WALLSEND,190.1,25.1,3.1,85.7,-1.3
02/02/2020,21:00:00,WALLSEND,179,25,2.8,86,-1.4
02/02/2020,22:00:00,WALLSEND,189.8,24.5,1.4,90,-0.9
02/02/2020,23:00:00,WALLSEND,99.2,23.9,1.2,95.6,-0.7
03/02/2020,01:00:00,WALLSEND,324.2,23.6,1.4,96.5,-0.9
03/02/2020,02:00:00,WALLSEND,35.4,23.5,0.4,96.6,-0.9
03/02/2020,03:00:00,WALLSEND,82.7,23.4,0.2,97,-1
03/02/2020,04:00:00,WALLSEND,85.7,23.5,0.3,96.9,-1.1
03/02/2020,05:00:00,WALLSEND,10.2,23.5,0.3,96.5,-1.2
03/02/2020,06:00:00,WALLSEND,9.5,23.6,0.8,96.4,1.9
03/02/2020,07:00:00,WALLSEND,11.8,23.6,0.8,96.9,29.3
03/02/2020,08:00:00,WALLSEND,349.4,23.9,1.3,95.7,81.2
03/02/2020,09:00:00,WALLSEND,318,24.6,1.4,90.9,204.9
03/02/2020,10:00:00,WALLSEND,250.6,26.5,0.9,81.7,355.2
03/02/2020,11:00:00,WALLSEND,291.6,28.7,0.5,72.7,628.6
03/02/2020,12:00:00,WALLSEND,172,30.2,2.2,67.6,706.8
03/02/2020,13:00:00,WALLSEND,156.6,29.3,3,71.3,618.9
03/02/2020,14:00:00,WALLSEND,176.7,28.5,1.8,73.6,791.4
03/02/2020,15:00:00,WALLSEND,163.1,29.4,3.3,66.5,839.9
03/02/2020,16:00:00,WALLSEND,133.7,28,3.9,69,666.9
03/02/2020,17:00:00,WALLSEND,131.1,26.6,4.3,73.6,452.4
03/02/2020,18:00:00,WALLSEND,144.8,26.1,3.6,73.5,106.4
03/02/2020,19:00:00,WALLSEND,163,24.9,3.3,69.7,19.8
03/02/2020,20:00:00,WALLSEND,160.8,23.7,4.7,74.7,-0.7
03/02/2020,21:00:00,WALLSEND,158.1,21.9,6.2,77.4,-1
03/02/2020,22:00:00,WALLSEND,159.7,21,5.2,74.9,-1.5
03/02/2020,23:00:00,WALLSEND,160.2,20.5,4.7,72.5,-1.8
04/02/2020,01:00:00,WALLSEND,157.7,19.7,4.9,65.6,-2.1
04/02/2020,02:00:00,WALLSEND,158.8,19.9,4.3,61.4,-1.3
04/02/2020,03:00:00,WALLSEND,159.9,19.6,4.3,57.7,-1.2
04/02/2020,04:00:00,WALLSEND,168.8,19.5,3.2,56,-1.5
04/02/2020,05:00:00,WALLSEND,159.9,19.4,3,56.3,-1.5
04/02/2020,06:00:00,WALLSEND,161.5,19.4,2.2,56.9,3.8
04/02/2020,07:00:00,WALLSEND,163.9,19.7,2.2,56.8,33.2
04/02/2020,08:00:00,WALLSEND,159.2,19.9,2.8,56.6,56.8
04/02/2020,09:00:00,WALLSEND,158.6,20.4,3.5,54.2,185.3
04/02/2020,10:00:00,WALLSEND,153.3,21.4,4.3,52.4,449.6
04/02/2020,11:00:00,WALLSEND,155.4,21.8,3.8,50.9,359.5
04/02/2020,12:00:00,WALLSEND,144.4,21.1,5,56.8,255.5
04/02/2020,13:00:00,WALLSEND,139.9,21.6,4.7,53.8,370.3
04/02/2020,14:00:00,WALLSEND,138.7,22.2,5.3,52.8,675.3
04/02/2020,15:00:00,WALLSEND,137.9,22.1,5.3,51.2,505.3
04/02/2020,16:00:00,WALLSEND,134.4,21.6,4.8,54.7,304
04/02/2020,17:00:00,WALLSEND,129.5,21.7,4.3,53.7,289
04/02/2020,18:00:00,WALLSEND,133.2,21.3,4,52.2,126.1
04/02/2020,19:00:00,WALLSEND,120.7,20.8,4.2,61.8,25.8
04/02/2020,20:00:00,WALLSEND,114.3,20.2,3.6,64.5,-1.7
04/02/2020,21:00:00,WALLSEND,115.8,20,2.8,64,-2.4
04/02/2020,22:00:00,WALLSEND,108.4,19.9,1.9,64.9,-2.2
04/02/2020,23:00:00,WALLSEND,97.5,20.4,2,60.3,-1.9
05/02/2020,01:00:00,WALLSEND,332.7,17.9,0.6,72.1,-2.4
05/02/2020,02:00:00,WALLSEND,239.6,16.3,0.4,79.5,-2.3
05/02/2020,03:00:00,WALLSEND,211.3,15.1,0.5,84.3,-2.4
05/02/2020,04:00:00,WALLSEND,207.8,14.7,0.8,86.8,-2.6
05/02/2020,05:00:00,WALLSEND,210.8,14.5,0.5,88.3,-2.3
05/02/2020,06:00:00,WALLSEND,217.7,14.5,0.6,88.8,18.1
05/02/2020,07:00:00,WALLSEND,194.4,17.7,0.6,77.8,169.1
05/02/2020,08:00:00,WALLSEND,34.7,21.4,0.5,61.1,411.1
05/02/2020,09:00:00,WALLSEND,17.5,22.5,1.1,58.7,537.2
05/02/2020,10:00:00,WALLSEND,90.5,23.7,3.1,57.4,764.8
05/02/2020,11:00:00,WALLSEND,108,23.7,4.6,59.2,650.4
05/02/2020,12:00:00,WALLSEND,110.9,24.4,4.5,58.9,791.3
05/02/2020,13:00:00,WALLSEND,118.2,24.4,5,58.9,626.6
05/02/2020,14:00:00,WALLSEND,115.4,24.5,5.4,57.6,448
05/02/2020,15:00:00,WALLSEND,105.5,25.7,5,51.8,783
05/02/2020,16:00:00,WALLSEND,110.4,24.9,5.1,55.9,378.2
05/02/2020,17:00:00,WALLSEND,102,24,4.9,61.1,202.4
05/02/2020,18:00:00,WALLSEND,90.8,23.7,3.7,59,106.8
05/02/2020,19:00:00,WALLSEND,90.1,23,3.4,60.5,16.7
05/02/2020,20:00:00,WALLSEND,91.5,22.5,2.9,63.8,-1.6
05/02/2020,21:00:00,WALLSEND,91.8,22.1,2.4,66.7,-2
05/02/2020,22:00:00,WALLSEND,90.9,21.8,2.2,70.4,-2.2
05/02/2020,23:00:00,WALLSEND,83.2,21.8,1.7,71.3,-2.1
06/02/2020,01:00:00,WALLSEND,101.7,21.3,1.5,76.5,-2.3
06/02/2020,02:00:00,WALLSEND,101.1,21.7,2.6,75.4,-1.8
06/02/2020,03:00:00,WALLSEND,126.7,20.7,3.8,78.3,-0.8
06/02/2020,04:00:00,WALLSEND,120.3,20.6,2.3,80.1,-1.7
06/02/2020,05:00:00,WALLSEND,154.2,20.1,1.2,85.7,-1.4
06/02/2020,06:00:00,WALLSEND,166.9,20.1,0.6,86.8,4.2
06/02/2020,07:00:00,WALLSEND,70.8,20.9,0.1,82,46.3
06/02/2020,08:00:00,WALLSEND,84.4,21.5,1.5,78.3,112.4
06/02/2020,09:00:00,WALLSEND,45.7,21.8,0.8,80,264.9
06/02/2020,10:00:00,WALLSEND,78,23.2,1.7,70.4,284.8
06/02/2020,11:00:00,WALLSEND,123,23.9,3.5,67.4,360.4
06/02/2020,12:00:00,WALLSEND,115.7,23.5,4,66.8,240.1
06/02/2020,13:00:00,WALLSEND,121.8,23.5,3.7,67.1,260.4
06/02/2020,14:00:00,WALLSEND,125.6,23,4.3,73.4,362.3
06/02/2020,15:00:00,WALLSEND,136.5,22.6,5,75.5,254.2
06/02/2020,16:00:00,WALLSEND,140.2,22.4,4.3,77.1,147
06/02/2020,17:00:00,WALLSEND,132.8,21.6,3,87,92
06/02/2020,18:00:00,WALLSEND,138.7,21.9,0.6,88.6,48.2
06/02/2020,19:00:00,WALLSEND,351.2,21.8,0.4,87.6,13.7
06/02/2020,20:00:00,WALLSEND,157.1,21.2,0.8,90.7,-1.6
06/02/2020,21:00:00,WALLSEND,103.4,21,0.3,91.6,-1.5
06/02/2020,22:00:00,WALLSEND,140.8,20.9,0.2,89.8,-1.8
06/02/2020,23:00:00,WALLSEND,79.8,21,1.5,86.5,-1.7
07/02/2020,01:00:00,WALLSEND,49.7,19.9,1.6,94,-0.8
07/02/2020,02:00:00,WALLSEND,82.9,19.5,2.1,94.7,-0.7
07/02/2020,03:00:00,WALLSEND,95.3,19.4,2.9,95.4,-0.8
07/02/2020,04:00:00,WALLSEND,92.1,19.2,2.4,96.5,-0.8
07/02/2020,05:00:00,WALLSEND,103.8,19.2,0.3,97.3,-0.9
07/02/2020,06:00:00,WALLSEND,139.7,19.4,1.4,97.5,2.7
07/02/2020,07:00:00,WALLSEND,139.3,19.6,2.6,97,18.1
07/02/2020,08:00:00,WALLSEND,119.3,19.9,1.7,96.4,32.7
07/02/2020,09:00:00,WALLSEND,128.2,19.8,2.4,96.6,84.7
07/02/2020,10:00:00,WALLSEND,142.9,20.4,2.2,96.5,169.9
07/02/2020,11:00:00,WALLSEND,107.3,20.7,1.7,96.7,224.7
07/02/2020,12:00:00,WALLSEND,92.3,21.2,3.3,94.4,304.3
07/02/2020,13:00:00,WALLSEND,115.4,22.1,4.3,89.3,392.1
07/02/2020,14:00:00,WALLSEND,129.3,21.2,5.2,94.5,244.5
07/02/2020,16:00:00,WALLSEND,128.8,20.4,5.2,94.8,203.1
07/02/2020,17:00:00,WALLSEND,132.2,21.1,5.2,94.1,169.5
07/02/2020,18:00:00,WALLSEND,118.9,21.4,4.6,91.2,101.4
07/02/2020,19:00:00,WALLSEND,122.6,20.6,5.7,95.2,10.7
07/02/2020,20:00:00,WALLSEND,124.2,20.8,5.4,95.7,-0.7
07/02/2020,21:00:00,WALLSEND,108.2,20.6,4.6,96.4,-0.5
07/02/2020,22:00:00,WALLSEND,117.6,20.6,4.5,96.3,-0.7
07/02/2020,23:00:00,WALLSEND,136.4,20.5,6.3,95.7,-0.7
08/02/2020,01:00:00,WALLSEND,110.8,20.4,5.6,96.2,-0.6
08/02/2020,02:00:00,WALLSEND,118.2,20.5,4.9,94.9,-0.6
08/02/2020,03:00:00,WALLSEND,111,20.2,4.4,93.6,-1.3
08/02/2020,04:00:00,WALLSEND,103.5,20,3.3,89,-1.6
08/02/2020,05:00:00,WALLSEND,111.8,20.1,3.4,92.3,-1.7
08/02/2020,06:00:00,WALLSEND,100.9,20,3,92.3,3.7
08/02/2020,07:00:00,WALLSEND,109.2,19.3,2.6,93.7,34.7
08/02/2020,08:00:00,WALLSEND,128.5,19.8,1.2,93,94.9
08/02/2020,09:00:00,WALLSEND,116.6,21.1,2.9,91.4,208.8
08/02/2020,10:00:00,WALLSEND,105.9,22.1,5.1,87.4,353
08/02/2020,11:00:00,WALLSEND,103.5,21.7,4.6,89.9,432.6
08/02/2020,12:00:00,WALLSEND,103.1,22,4.5,87.1,393.4
08/02/2020,13:00:00,WALLSEND,105.3,22.9,4.9,80.8,505.7
08/02/2020,14:00:00,WALLSEND,107.1,23.3,4.9,80.4,510.7
08/02/2020,15:00:00,WALLSEND,121.7,22.3,5.3,83.9,254.8
08/02/2020,16:00:00,WALLSEND,133.3,21.3,5.3,88.1,144.1
08/02/2020,17:00:00,WALLSEND,136.8,20.8,5.7,90.4,62.2
08/02/2020,18:00:00,WALLSEND,136.7,21.2,5.4,89.3,38.1
08/02/2020,19:00:00,WALLSEND,135.5,21.3,4.8,90.5,4.2
08/02/2020,20:00:00,WALLSEND,123.2,21.7,4.9,87.4,-2.2
08/02/2020,21:00:00,WALLSEND,116.2,21.2,5.1,90.1,-1.2
08/02/2020,22:00:00,WALLSEND,124.2,20.3,4.8,86.8,-1
08/02/2020,23:00:00,WALLSEND,130.3,21.1,5.4,90.4,-2.1
09/02/2020,01:00:00,WALLSEND,135.2,20.6,5.8,93.8,-0.7
09/02/2020,02:00:00,WALLSEND,139.6,20.7,6.2,94,-1
09/02/2020,03:00:00,WALLSEND,140.4,20.7,8.2,94.2,-0.6
09/02/2020,04:00:00,WALLSEND,140.7,20.3,8.6,95.9,-0.6
09/02/2020,05:00:00,WALLSEND,144.4,20.4,10.4,96.1,-0.7
09/02/2020,06:00:00,WALLSEND,143,20.2,8.9,97.2,-0.5
09/02/2020,07:00:00,WALLSEND,133.7,20.5,9.1,97.7,9.1
09/02/2020,08:00:00,WALLSEND,116.4,21,6.9,97.1,35.9
09/02/2020,09:00:00,WALLSEND,108.1,20.9,5.4,97.6,61.7
09/02/2020,10:00:00,WALLSEND,109.4,20.6,3,98.4,78.5
09/02/2020,11:00:00,WALLSEND,110.6,20.7,2.2,98.3,107.5
09/02/2020,12:00:00,WALLSEND,114.7,20.3,3.1,98,145.3
09/02/2020,13:00:00,WALLSEND,135.1,20.6,3.3,98.4,137.7
09/02/2020,14:00:00,WALLSEND,85.5,21.2,4.3,97.4,164.3
09/02/2020,15:00:00,WALLSEND,38.3,21.6,2,96.3,158.3
09/02/2020,16:00:00,WALLSEND,79,21.9,2.9,95.1,137.3
09/02/2020,17:00:00,WALLSEND,78.2,21.5,2.8,94.3,73.3
09/02/2020,18:00:00,WALLSEND,89.9,21.6,2.9,95.4,27.3
09/02/2020,19:00:00,WALLSEND,78.4,21.5,2.4,95.7,5.1
09/02/2020,20:00:00,WALLSEND,77.7,21.8,2.9,94.5,-0.6
09/02/2020,21:00:00,WALLSEND,91.6,21.4,4.7,95.7,-0.3
09/02/2020,22:00:00,WALLSEND,101.4,21,3.9,96.7,-0.8
09/02/2020,23:00:00,WALLSEND,118.5,20.9,1.9,97.6,-0.8
10/02/2020,01:00:00,WALLSEND,208.5,21,0.4,98.4,-1.1
10/02/2020,02:00:00,WALLSEND,191.1,20.7,0.3,98.7,-1.2
10/02/2020,03:00:00,WALLSEND,137,20.3,0.6,99,-1.6
10/02/2020,04:00:00,WALLSEND,94.3,20.3,1,99.3,-1.1
10/02/2020,05:00:00,WALLSEND,92.4,20.3,1,99.5,-0.9
10/02/2020,06:00:00,WALLSEND,108.4,20.2,0.8,99.6,4
10/02/2020,07:00:00,WALLSEND,101.3,20.3,0.5,99.6,52.6
10/02/2020,08:00:00,WALLSEND,139,20.6,0.8,99.6,110.5
10/02/2020,09:00:00,WALLSEND,233.5,21.5,0.2,95.4,259.1
10/02/2020,10:00:00,WALLSEND,147,23.6,0.5,83.9,544.8
10/02/2020,11:00:00,WALLSEND,132.3,25.4,0.1,76.5,750.3
10/02/2020,12:00:00,WALLSEND,0.8,27,0.6,72.1,781.3
10/02/2020,13:00:00,WALLSEND,4.3,28.6,0.8,65.8,969.6
10/02/2020,14:00:00,WALLSEND,115.9,27.9,3.2,68.4,844.4
10/02/2020,15:00:00,WALLSEND,119.3,25.9,3.9,73.1,628.5
10/02/2020,16:00:00,WALLSEND,68.9,23.2,2.1,84.7,45.3
10/02/2020,17:00:00,WALLSEND,107.6,21.6,1.4,94.3,6.7
10/02/2020,18:00:00,WALLSEND,352.5,22,1.5,96.6,18.6
10/02/2020,19:00:00,WALLSEND,351,20.5,1.7,93.6,10.6
10/02/2020,20:00:00,WALLSEND,22.5,19.9,0.8,93.2,-1.3
10/02/2020,21:00:00,WALLSEND,97.3,19.8,0.7,94.2,-1.6
10/02/2020,22:00:00,WALLSEND,113.9,20.1,0.3,94.5,-1.4
10/02/2020,23:00:00,WALLSEND,143.6,20.2,0.7,95.5,-1.4
11/02/2020,01:00:00,WALLSEND,144.3,20.1,1,96.3,-1.3
11/02/2020,02:00:00,WALLSEND,175.1,20,0.7,95.9,-1.3
11/02/2020,03:00:00,WALLSEND,227.4,19.7,0.4,96.9,-1.4
11/02/2020,04:00:00,WALLSEND,200.2,19.3,0.6,97.8,-1.8
11/02/2020,05:00:00,WALLSEND,196.2,18.9,0.3,98.5,-1.7
11/02/2020,06:00:00,WALLSEND,202.5,18.7,0.2,98.9,9.7
11/02/2020,07:00:00,WALLSEND,313.4,19.9,0.4,96.8,153.9
11/02/2020,08:00:00,WALLSEND,336.3,22.1,1.4,86.9,366.4
11/02/2020,09:00:00,WALLSEND,347.6,23.9,1.4,79.8,584.2
11/02/2020,10:00:00,WALLSEND,15,25.8,0.9,72,786
11/02/2020,11:00:00,WALLSEND,29.8,28,1.4,62.9,941.7
11/02/2020,12:00:00,WALLSEND,15.1,29.1,1,58.2,1036.6
11/02/2020,13:00:00,WALLSEND,89.9,29,3.1,59.7,737.6
11/02/2020,14:00:00,WALLSEND,111.4,26.4,5,69.2,769.5
11/02/2020,15:00:00,WALLSEND,107.2,26.9,4.4,71.2,854.4
11/02/2020,16:00:00,WALLSEND,115.2,26.8,4.3,73.1,668.1
11/02/2020,17:00:00,WALLSEND,111.4,26.5,3.8,74.3,459.5
11/02/2020,18:00:00,WALLSEND,92.1,26.1,3.7,73.3,171
11/02/2020,19:00:00,WALLSEND,100.8,24.2,3.1,79.7,15.7
11/02/2020,20:00:00,WALLSEND,97,23.8,2.7,84.6,-1.5
11/02/2020,21:00:00,WALLSEND,101.5,23.1,1.3,88.5,-1.7
11/02/2020,22:00:00,WALLSEND,77.9,23.2,0.6,88.6,-1.9
11/02/2020,23:00:00,WALLSEND,118.3,22.6,1.1,91.1,-2.4
12/02/2020,01:00:00,WALLSEND,136,21.5,0.7,95.4,-2.1
12/02/2020,02:00:00,WALLSEND,151.3,21.3,0.3,96.3,-2
12/02/2020,03:00:00,WALLSEND,257.8,20.9,0.3,97,-1.9
12/02/2020,04:00:00,WALLSEND,195.2,20.5,0.6,97.7,-1.9
12/02/2020,05:00:00,WALLSEND,192.7,20.5,0.5,98.1,-1.9
12/02/2020,06:00:00,WALLSEND,223,20.7,0.7,97.8,2.1
12/02/2020,07:00:00,WALLSEND,207.1,21.5,1,96.2,60.5
12/02/2020,08:00:00,WALLSEND,199.7,22.7,1,92.3,115.6
12/02/2020,09:00:00,WALLSEND,213.4,23.4,1.8,89.3,264.7
12/02/2020,10:00:00,WALLSEND,201.7,24.5,1.2,84.2,294.7
12/02/2020,11:00:00,WALLSEND,156.2,25.5,2,79.7,496.9
12/02/2020,12:00:00,WALLSEND,163.3,26.2,2.1,75.2,386.4
12/02/2020,13:00:00,WALLSEND,142.8,25.8,3.4,76.8,374.9
12/02/2020,14:00:00,WALLSEND,138,25,4.3,81,677.5
12/02/2020,15:00:00,WALLSEND,133.3,25.1,4.1,80.3,616
12/02/2020,16:00:00,WALLSEND,127.1,24.7,4.3,79.4,430.8
12/02/2020,17:00:00,WALLSEND,131.4,24.2,4.2,82.1,272.6
12/02/2020,18:00:00,WALLSEND,143.5,23.9,2.9,85.7,127.1
12/02/2020,19:00:00,WALLSEND,140.2,23.4,2.5,88,20.7
12/02/2020,20:00:00,WALLSEND,142.1,22.9,2,90.5,-1.1
12/02/2020,21:00:00,WALLSEND,135.1,22.9,1.8,88.6,-1.4
12/02/2020,22:00:00,WALLSEND,123.3,22.6,0.5,92.1,-1.5
12/02/2020,23:00:00,WALLSEND,97.2,22.9,1.3,91.2,-1.8
13/02/2020,01:00:00,WALLSEND,119.7,22,1.8,93.2,-1.9
13/02/2020,02:00:00,WALLSEND,143.4,21.9,1,93.5,-1.6
13/02/2020,03:00:00,WALLSEND,141.9,21.8,0.9,92.9,-1.9
13/02/2020,04:00:00,WALLSEND,156.9,21.8,0.7,92.6,-1.5
13/02/2020,05:00:00,WALLSEND,196.7,21.8,0.4,92.5,-1.3
13/02/2020,06:00:00,WALLSEND,172.5,21.8,0.8,92.9,5.8
13/02/2020,07:00:00,WALLSEND,201.5,22.2,1.2,91.2,66.1
13/02/2020,08:00:00,WALLSEND,181.4,22.5,1.2,93.4,108
13/02/2020,09:00:00,WALLSEND,136.3,23.9,2.6,91.2,332.5
13/02/2020,10:00:00,WALLSEND,116.8,25,3.9,85,513.5
13/02/2020,11:00:00,WALLSEND,107.1,25.2,4.7,82.8,631.3
13/02/2020,12:00:00,WALLSEND,97.4,24.6,4.4,83.2,536.6
13/02/2020,13:00:00,WALLSEND,106.8,24.9,4.1,80.4,473.4
13/02/2020,14:00:00,WALLSEND,102.8,25.4,4.1,76.4,509.5
13/02/2020,15:00:00,WALLSEND,110.1,26,4.8,72.5,630.1
13/02/2020,16:00:00,WALLSEND,113.7,25.6,4.3,71.6,368.1
13/02/2020,17:00:00,WALLSEND,121.8,25,4,74.9,239.2
13/02/2020,18:00:00,WALLSEND,127.8,24.8,3.7,72.1,126.4
13/02/2020,19:00:00,WALLSEND,136.8,24.2,3.3,75,18.6
13/02/2020,20:00:00,WALLSEND,144.3,23.3,3.1,79.7,-1.9
13/02/2020,21:00:00,WALLSEND,149.5,22.8,2.7,83.8,-2.7
13/02/2020,22:00:00,WALLSEND,163.2,22.4,1.6,84.8,-2.3
13/02/2020,23:00:00,WALLSEND,187.5,21.9,0.9,89.3,-2.2
14/02/2020,01:00:00,WALLSEND,160.3,22.1,1.4,87.9,-2.2
14/02/2020,02:00:00,WALLSEND,198.6,21.2,0.9,93.7,-2.1
14/02/2020,03:00:00,WALLSEND,188,20.9,0.9,95,-1.9
14/02/2020,04:00:00,WALLSEND,187.6,20.8,0.9,94.8,-2.1
14/02/2020,05:00:00,WALLSEND,198.9,21,0.9,92.7,-2
14/02/2020,06:00:00,WALLSEND,165,20.6,1.4,94.3,6.3
14/02/2020,07:00:00,WALLSEND,196.9,20.8,0.7,96.9,63.2
14/02/2020,08:00:00,WALLSEND,165.6,22,1.9,89.4,186.7
14/02/2020,09:00:00,WALLSEND,156,23.7,4.1,76.4,536.5
14/02/2020,10:00:00,WALLSEND,158,24.6,4.1,69.4,596.4
14/02/2020,11:00:00,WALLSEND,164.2,25.7,3.5,61.1,877.7
14/02/2020,12:00:00,WALLSEND,170.3,25.6,3.3,61.3,597.7
14/02/2020,13:00:00,WALLSEND,160,25.7,4.3,58.8,867.2
14/02/2020,14:00:00,WALLSEND,164.4,26.2,4,52.9,964.1
14/02/2020,15:00:00,WALLSEND,154,25.7,4.7,53.3,778.3
14/02/2020,16:00:00,WALLSEND,157.7,25.1,4.9,57.1,676.9
14/02/2020,17:00:00,WALLSEND,166.3,24.5,3.7,60.6,444.6
14/02/2020,18:00:00,WALLSEND,166.1,23.7,3.2,60.4,162.5
14/02/2020,19:00:00,WALLSEND,167,22.4,3,69.8,16.1
14/02/2020,20:00:00,WALLSEND,168.6,21.5,2.1,77.5,-2.9
14/02/2020,21:00:00,WALLSEND,171.3,21.2,1.7,81.1,-3
14/02/2020,22:00:00,WALLSEND,200.1,20.5,0.4,84.4,-2.6
14/02/2020,23:00:00,WALLSEND,277.2,19.3,0.1,87,-2.6
15/02/2020,01:00:00,WALLSEND,261.1,18,0.4,92.6,-2.2
15/02/2020,02:00:00,WALLSEND,251,17.8,0.2,93.5,-2
15/02/2020,03:00:00,WALLSEND,239.3,17.2,0.2,95.4,-2.3
15/02/2020,04:00:00,WALLSEND,224.9,16.9,0.4,96,-2.4
15/02/2020,05:00:00,WALLSEND,216.6,16.2,0.4,97.3,-2.3
15/02/2020,06:00:00,WALLSEND,313.1,15.9,0.3,97.9,8.4
15/02/2020,07:00:00,WALLSEND,71.1,17.7,0.3,94.4,163.4
15/02/2020,08:00:00,WALLSEND,353.5,21.4,0.9,80.2,350.4
15/02/2020,09:00:00,WALLSEND,326.8,23.6,1.1,66.3,589.2
15/02/2020,10:00:00,WALLSEND,313.1,25.7,1.3,59.7,779.8
15/02/2020,11:00:00,WALLSEND,340.2,27.1,0.5,55.6,918.4
15/02/2020,12:00:00,WALLSEND,123.1,26.4,4.2,59.2,972.5
15/02/2020,13:00:00,WALLSEND,129.6,26.2,3.8,60.5,997.9
15/02/2020,14:00:00,WALLSEND,144.8,26,3.6,61.1,403.5
15/02/2020,15:00:00,WALLSEND,129.5,24.4,3.5,65.9,239.4
15/02/2020,16:00:00,WALLSEND,145.8,24,2.8,68.6,216.4
15/02/2020,17:00:00,WALLSEND,154.8,24.9,2.7,65.6,416.3
15/02/2020,18:00:00,WALLSEND,170.2,24.9,1.8,66.1,143.2
15/02/2020,19:00:00,WALLSEND,170,23.5,1.3,72.1,10.4
15/02/2020,20:00:00,WALLSEND,182.3,23,0.7,75.5,-1.7
15/02/2020,21:00:00,WALLSEND,170.7,23.3,1.4,73.2,-2.1
15/02/2020,22:00:00,WALLSEND,157.4,22.6,0.7,76.7,-3
15/02/2020,23:00:00,WALLSEND,230.7,21.5,1.6,83.7,-1.5
16/02/2020,01:00:00,WALLSEND,204.1,20.7,1.3,85.8,-2.3
16/02/2020,02:00:00,WALLSEND,209,20.8,1.2,86.6,-2
16/02/2020,03:00:00,WALLSEND,211.3,20.9,1.3,88.9,-2.3
16/02/2020,04:00:00,WALLSEND,238.8,20.2,0.2,92.2,-2.2
16/02/2020,05:00:00,WALLSEND,295.2,19.7,0.4,94.8,-1.9
16/02/2020,06:00:00,WALLSEND,231.5,20,0.4,93.6,4.3
16/02/2020,07:00:00,WALLSEND,205.6,20.9,1.1,89.1,125.6
16/02/2020,08:00:00,WALLSEND,214.7,22.3,1.6,83.4,191.1
16/02/2020,09:00:00,WALLSEND,207,24,2.1,76.5,524.1
16/02/2020,10:00:00,WALLSEND,193.9,24.8,1.9,70.9,421.6
16/02/2020,11:00:00,WALLSEND,165.7,24.9,2.1,68.8,475.1
16/02/2020,12:00:00,WALLSEND,161.2,25.4,2.5,65.3,502.3
16/02/2020,13:00:00,WALLSEND,160.5,25.4,2.8,67.4,470.1
16/02/2020,14:00:00,WALLSEND,145.2,25.2,4.3,69.3,644.8
16/02/2020,15:00:00,WALLSEND,143.8,25,5,68.8,587.3
16/02/2020,16:00:00,WALLSEND,148.8,24.8,4.2,68.5,469.1
16/02/2020,17:00:00,WALLSEND,143.9,24.1,4.1,73.5,158
16/02/2020,18:00:00,WALLSEND,130.4,23.5,2.9,77.3,51.7
16/02/2020,19:00:00,WALLSEND,118.9,23.1,1.9,79.2,4.1
16/02/2020,20:00:00,WALLSEND,122.1,22.7,1.4,80.4,-1.3
17/02/2020,07:00:00,WALLSEND,192.9,21.5,1.1,92.5,35.9
17/02/2020,08:00:00,WALLSEND,207.5,21.5,1,93.9,24.2
17/02/2020,09:00:00,WALLSEND,162.4,21.6,1.4,95.4,66.2
17/02/2020,10:00:00,WALLSEND,184.6,21.9,0.4,94.7,20.6
17/02/2020,11:00:00,WALLSEND,326,21.7,0.4,97.3,28.3
17/02/2020,12:00:00,WALLSEND,288.3,21.9,0.6,97.8,65.1
17/02/2020,13:00:00,WALLSEND,308.2,22.2,0.8,96,125.7
17/02/2020,14:00:00,WALLSEND,329,22.4,1.9,92.4,108.3
17/02/2020,15:00:00,WALLSEND,300.2,22.7,1.8,90.8,344.6
17/02/2020,16:00:00,WALLSEND,245.3,24.6,0.7,79.6,426.2
17/02/2020,17:00:00,WALLSEND,33,25.3,0.4,71.8,424.4
17/02/2020,18:00:00,WALLSEND,100.6,24.6,1.4,77.4,157.2
17/02/2020,19:00:00,WALLSEND,102.3,23,1.7,86.4,23.2
17/02/2020,20:00:00,WALLSEND,47.9,22.6,0.4,86.9,-1.6
17/02/2020,21:00:00,WALLSEND,351.3,21.7,0.7,90.4,-2
17/02/2020,22:00:00,WALLSEND,310.2,20.8,0.4,94.8,-1.9
17/02/2020,23:00:00,WALLSEND,38.6,20,0.4,97.3,-1.9
18/02/2020,01:00:00,WALLSEND,244.4,19.5,0.2,98.6,-1.9
18/02/2020,02:00:00,WALLSEND,198.3,19.1,0.4,98.7,-2
18/02/2020,03:00:00,WALLSEND,327.3,18.8,0.4,98.9,-1.9
18/02/2020,04:00:00,WALLSEND,71.9,18.1,0.3,99,-1.8
18/02/2020,05:00:00,WALLSEND,342.9,18.4,0.9,99.3,-1.3
18/02/2020,06:00:00,WALLSEND,5.4,18.5,0.6,99.5,5.1
18/02/2020,07:00:00,WALLSEND,352.9,18.7,1,99.6,69.4
18/02/2020,08:00:00,WALLSEND,352.1,19.9,0.7,99.6,209.4
18/02/2020,09:00:00,WALLSEND,6.6,23.3,1.3,89.1,581.5
18/02/2020,10:00:00,WALLSEND,353.5,26.4,2.1,69.2,775.2
18/02/2020,11:00:00,WALLSEND,336.4,28.1,2.3,62.4,922.5
18/02/2020,12:00:00,WALLSEND,328.6,29.7,2.7,55.9,1000.1
18/02/2020,13:00:00,WALLSEND,338.1,31.1,2.7,51.7,999.2
18/02/2020,14:00:00,WALLSEND,329.6,32.1,3.4,49.5,935.3
18/02/2020,15:00:00,WALLSEND,334.5,32.9,3.4,47.7,797.5
18/02/2020,16:00:00,WALLSEND,338.8,33.4,3.5,46.6,637.6
18/02/2020,17:00:00,WALLSEND,22.1,32.6,2.3,48.9,332.7
18/02/2020,18:00:00,WALLSEND,74.2,30.5,2,55.3,96.9
18/02/2020,19:00:00,WALLSEND,37.9,29.4,1.8,55.6,15
18/02/2020,20:00:00,WALLSEND,19.6,28.7,2.2,55.7,-2
19/02/2020,12:00:00,WALLSEND,328.9,28,3.6,43.9,1022.9
19/02/2020,13:00:00,WALLSEND,312.4,29.1,3.4,39.4,1031.4
19/02/2020,14:00:00,WALLSEND,318.8,29.7,3.7,35.2,965.6
19/02/2020,15:00:00,WALLSEND,320.2,30.5,3.8,30.6,834.7
19/02/2020,16:00:00,WALLSEND,135.4,28.2,2.6,42.2,532.5
19/02/2020,17:00:00,WALLSEND,115.9,27.9,2.8,44.4,431
19/02/2020,18:00:00,WALLSEND,127.3,26,3.4,47,177.9
19/02/2020,19:00:00,WALLSEND,137.2,24.4,2.6,56.2,11.8
19/02/2020,20:00:00,WALLSEND,167.7,23.1,1,67.3,-2.7
19/02/2020,21:00:00,WALLSEND,282.7,21.6,0.9,74.4,-2.7
19/02/2020,22:00:00,WALLSEND,282.5,20.1,0.5,81.3,-2.6
19/02/2020,23:00:00,WALLSEND,215,19,0.3,86.8,-2.6
20/02/2020,01:00:00,WALLSEND,242.1,17.2,0.3,84.4,-2.5
20/02/2020,02:00:00,WALLSEND,206.1,16.2,0.5,85.4,-2.6
20/02/2020,03:00:00,WALLSEND,210.1,16.2,0.4,81.1,-2.5
20/02/2020,04:00:00,WALLSEND,198.5,15.9,0.6,82.2,-2.6
20/02/2020,05:00:00,WALLSEND,205.6,15.9,0.8,80.1,-2.8
20/02/2020,06:00:00,WALLSEND,211.3,16.1,1,80,5.2
20/02/2020,07:00:00,WALLSEND,174.4,18.1,0.4,74.3,134.1
20/02/2020,08:00:00,WALLSEND,152.3,21.8,0.7,67.5,360.1
20/02/2020,09:00:00,WALLSEND,222.1,23.6,1.1,57.2,560.7
20/02/2020,10:00:00,WALLSEND,165.9,24.5,1.7,47.9,806.2
20/02/2020,11:00:00,WALLSEND,154.5,24.4,3,51.4,720.1
20/02/2020,12:00:00,WALLSEND,156,22.8,3.4,64.8,400.3
20/02/2020,13:00:00,WALLSEND,155.7,22.4,3.8,65.7,430.9
20/02/2020,14:00:00,WALLSEND,141.4,22.4,4.7,67.6,543.4
20/02/2020,15:00:00,WALLSEND,145.1,23,5,62.2,758.9
20/02/2020,16:00:00,WALLSEND,143.8,22.2,4.6,63.3,283.2
20/02/2020,17:00:00,WALLSEND,144.8,22,4.4,63.8,162.9
20/02/2020,18:00:00,WALLSEND,144.2,21.5,4.3,65.2,111.5
20/02/2020,19:00:00,WALLSEND,143.3,21,3.1,66.5,12.2
20/02/2020,20:00:00,WALLSEND,150,20.7,1.5,68.2,-2.3
20/02/2020,21:00:00,WALLSEND,135.8,21.2,1.9,68.1,-2
20/02/2020,22:00:00,WALLSEND,123.3,21.3,2.4,68.7,-1.4
20/02/2020,23:00:00,WALLSEND,122.2,21.1,2.1,68.9,-1.4
21/02/2020,01:00:00,WALLSEND,145.8,20.1,0.7,72.3,-1.9
21/02/2020,02:00:00,WALLSEND,222.8,19.9,0.4,76.5,-1.4
21/02/2020,03:00:00,WALLSEND,156.2,20,1.1,72.9,-1.9
21/02/2020,04:00:00,WALLSEND,197.9,19,0.5,75.5,-2
21/02/2020,05:00:00,WALLSEND,211.2,17.4,0.5,83.8,-1.9
21/02/2020,06:00:00,WALLSEND,225.6,16.6,0.3,86.7,5.4
21/02/2020,07:00:00,WALLSEND,198.2,18,0.5,84.8,98
21/02/2020,08:00:00,WALLSEND,68.8,21.1,0.3,72.6,272.4
21/02/2020,09:00:00,WALLSEND,84.3,23.3,1,61.5,534.6
21/02/2020,10:00:00,WALLSEND,84.5,23.8,1.5,57.7,593.8
21/02/2020,11:00:00,WALLSEND,108.9,24.1,2.4,57.5,739.2
21/02/2020,12:00:00,WALLSEND,103.3,24.6,2.2,57.2,832.6
21/02/2020,13:00:00,WALLSEND,96.8,24.4,3.4,59.6,700.8
21/02/2020,14:00:00,WALLSEND,115,23.9,4.1,62.1,526
21/02/2020,15:00:00,WALLSEND,109.8,23.7,3.8,63.5,512.3
21/02/2020,16:00:00,WALLSEND,122.1,23.7,4.2,63.5,519.6
21/02/2020,17:00:00,WALLSEND,114.2,23.1,3.8,65.3,249.4
21/02/2020,18:00:00,WALLSEND,119,22.5,4.1,66.1,98
21/02/2020,19:00:00,WALLSEND,115.2,22,3.2,66.7,11.4
21/02/2020,20:00:00,WALLSEND,123.8,21.8,3.1,65.8,-2.5
21/02/2020,21:00:00,WALLSEND,124.6,21.8,2.9,66.5,-1.8
21/02/2020,22:00:00,WALLSEND,116.3,21.2,2.3,68.9,-2.7
21/02/2020,23:00:00,WALLSEND,131.2,20.5,0.9,72.6,-2.4
22/02/2020,01:00:00,WALLSEND,211.3,18.2,0.7,85.6,-2.2
22/02/2020,02:00:00,WALLSEND,218.5,17.6,0.5,89.2,-2.2
22/02/2020,03:00:00,WALLSEND,207.5,17.2,0.5,90.4,-2.2
22/02/2020,04:00:00,WALLSEND,201,17.4,0.4,90.6,-1.8
22/02/2020,05:00:00,WALLSEND,166.8,18.4,0.4,88.3,-2
22/02/2020,06:00:00,WALLSEND,159.6,19.8,0.8,83.1,5.6
22/02/2020,07:00:00,WALLSEND,208.5,19.7,0.7,87.9,110.7
22/02/2020,08:00:00,WALLSEND,134.6,22.4,1.6,73.3,336.3
22/02/2020,09:00:00,WALLSEND,105.6,23.5,3.1,64.7,440
22/02/2020,10:00:00,WALLSEND,112,23.4,3.5,64.6,459.9
22/02/2020,11:00:00,WALLSEND,106.8,24.5,3.5,59.8,830.4
22/02/2020,12:00:00,WALLSEND,114.9,24,4,63,499.6
22/02/2020,13:00:00,WALLSEND,123.1,24.7,4.3,61.2,926.2
22/02/2020,14:00:00,WALLSEND,104,24.7,4.1,60.6,767.5
22/02/2020,15:00:00,WALLSEND,110.1,23.6,4.2,64.5,302.4
22/02/2020,16:00:00,WALLSEND,117.8,23.2,4.7,65.9,241.6
22/02/2020,17:00:00,WALLSEND,114.6,22.9,4.7,69.9,180.1
22/02/2020,18:00:00,WALLSEND,111.3,22.1,4.2,72.4,52.3
22/02/2020,19:00:00,WALLSEND,112.8,21.8,4,76,5.1
22/02/2020,20:00:00,WALLSEND,111.7,21.8,3.5,75.5,-1.5
22/02/2020,21:00:00,WALLSEND,104.3,22.3,3.4,68.8,-1.6
22/02/2020,22:00:00,WALLSEND,92.9,22.3,3.1,67.9,-1.4
22/02/2020,23:00:00,WALLSEND,81.7,22,2.3,70.9,-1.4
23/02/2020,01:00:00,WALLSEND,58.5,20.9,1.1,72.2,-2.2
23/02/2020,02:00:00,WALLSEND,63.1,20.3,0.8,72.1,-2.6
23/02/2020,03:00:00,WALLSEND,100.1,19.9,0.5,75.2,-2.4
23/02/2020,04:00:00,WALLSEND,60.1,19.9,0.5,76.7,-2.2
23/02/2020,05:00:00,WALLSEND,54.8,19.7,0.2,78.6,-1.9
23/02/2020,06:00:00,WALLSEND,207.7,19.1,0.4,82.8,5.5
23/02/2020,07:00:00,WALLSEND,197.4,20,0.3,80.9,112.2
23/02/2020,08:00:00,WALLSEND,84.2,22.6,1.6,68.7,327.5
23/02/2020,09:00:00,WALLSEND,71.6,23.3,2.1,61.6,422.9
23/02/2020,10:00:00,WALLSEND,68.8,23.6,1.9,60.3,449.3
23/02/2020,11:00:00,WALLSEND,80.8,24.2,2.4,57.6,483.5
23/02/2020,12:00:00,WALLSEND,88.1,24.6,2.7,53.3,606
23/02/2020,13:00:00,WALLSEND,94.1,24.3,2.8,50.5,335
23/02/2020,14:00:00,WALLSEND,107.6,24.3,3.1,54.6,534.7
23/02/2020,15:00:00,WALLSEND,112.8,24.2,3.5,56.7,389.8
23/02/2020,16:00:00,WALLSEND,109.9,24.3,3.7,57.3,445.3
23/02/2020,17:00:00,WALLSEND,105.4,23.5,3.9,62.9,228.3
23/02/2020,18:00:00,WALLSEND,100.5,22.9,3.1,66.9,105.8
23/02/2020,19:00:00,WALLSEND,81.3,22.5,2.5,65.9,9.3
23/02/2020,20:00:00,WALLSEND,80.5,22.1,1.9,69,-1.8
23/02/2020,21:00:00,WALLSEND,73.3,21.8,1,72,-1.9
23/02/2020,22:00:00,WALLSEND,63.9,21.5,0.6,74.3,-1.9
23/02/2020,23:00:00,WALLSEND,11.4,21.1,0.4,77.3,-1.7
24/02/2020,01:00:00,WALLSEND,16.3,20.1,0.1,83.8,-1.6
24/02/2020,02:00:00,WALLSEND,355.2,19.9,0.2,85,-1.7
24/02/2020,03:00:00,WALLSEND,204.3,19.6,0.3,86.5,-1.7
24/02/2020,04:00:00,WALLSEND,247.8,19.3,0.3,88.4,-1.5
24/02/2020,05:00:00,WALLSEND,223.5,19.1,0.3,89.4,-1.5
24/02/2020,06:00:00,WALLSEND,206.7,19.2,0.5,89,1.1
24/02/2020,07:00:00,WALLSEND,216.4,19.7,0.4,87.6,31.4
24/02/2020,08:00:00,WALLSEND,60.4,20.7,0.3,85.5,133.7
24/02/2020,09:00:00,WALLSEND,1.5,21.9,0.6,79,263.4
24/02/2020,10:00:00,WALLSEND,71.7,22.7,1.2,73.9,388.2
24/02/2020,11:00:00,WALLSEND,49.7,24.1,1.8,67.2,598.5
24/02/2020,12:00:00,WALLSEND,60.4,24.4,1.7,66.6,408.6
24/02/2020,13:00:00,WALLSEND,99.9,24.2,1.8,68,403.9
24/02/2020,14:00:00,WALLSEND,99.8,25.8,1.3,59.9,676.7
24/02/2020,15:00:00,WALLSEND,112.7,25.7,2.7,59.7,415.5
24/02/2020,16:00:00,WALLSEND,109.1,24.6,2.9,64.6,192.6
24/02/2020,17:00:00,WALLSEND,104.4,23.9,3.6,72.3,137.6
24/02/2020,18:00:00,WALLSEND,105.7,23.5,2.7,74.2,56
24/02/2020,19:00:00,WALLSEND,100.3,23,2.2,76.9,5.8
24/02/2020,20:00:00,WALLSEND,86,22.7,1.5,78.7,-1.6
24/02/2020,21:00:00,WALLSEND,22.4,22.4,0.6,80.6,-1.6
24/02/2020,22:00:00,WALLSEND,89.4,22,0.7,83.7,-1.7
24/02/2020,23:00:00,WALLSEND,49.7,21.9,0.3,84.6,-1.6
25/02/2020,01:00:00,WALLSEND,12.2,21.1,0.7,88.6,-2
25/02/2020,02:00:00,WALLSEND,297.4,20.5,0.3,90.7,-2.1
25/02/2020,03:00:00,WALLSEND,194.7,19.7,0.3,94.2,-1.9
25/02/2020,04:00:00,WALLSEND,171,19.5,0.1,93.7,-2
25/02/2020,05:00:00,WALLSEND,215.6,19.3,0.4,94,-1.9
25/02/2020,06:00:00,WALLSEND,139.3,19.3,0.5,95.1,4
25/02/2020,07:00:00,WALLSEND,314.3,20.5,0.5,89.7,126.9
25/02/2020,08:00:00,WALLSEND,9,22.2,1.2,81.2,342.2
25/02/2020,09:00:00,WALLSEND,12.9,23.5,2.2,73.6,573.1
25/02/2020,10:00:00,WALLSEND,26.2,25.1,1.8,67.2,767.4
25/02/2020,11:00:00,WALLSEND,13.2,26.7,1,60,873.6
25/02/2020,12:00:00,WALLSEND,350,28,1.1,53.8,1019
25/02/2020,13:00:00,WALLSEND,82.9,28.5,1.8,54,955.4
25/02/2020,14:00:00,WALLSEND,107.8,28.1,4,57.8,913
25/02/2020,15:00:00,WALLSEND,104.2,28.1,4.5,56.7,807.2
25/02/2020,16:00:00,WALLSEND,103.7,28.1,4.3,57.5,619.9
25/02/2020,17:00:00,WALLSEND,93.2,27.7,3.8,60.3,386.8
25/02/2020,18:00:00,WALLSEND,36,26.9,2.6,62.6,133.2
25/02/2020,19:00:00,WALLSEND,40.3,25.2,1.5,68.8,7.9
25/02/2020,20:00:00,WALLSEND,49.2,23.8,1,74.6,-2.5
25/02/2020,21:00:00,WALLSEND,29.1,22.9,0.9,80.5,-2.5
25/02/2020,22:00:00,WALLSEND,44.9,22.3,0.7,84.8,-2.6
25/02/2020,23:00:00,WALLSEND,34.6,21.8,0.5,88.3,-2.4
26/02/2020,01:00:00,WALLSEND,28.1,20.9,0.5,91.9,-2.2
26/02/2020,02:00:00,WALLSEND,6.1,20.3,0.5,94.3,-2
26/02/2020,03:00:00,WALLSEND,349.9,19.5,0.2,96.5,-2
26/02/2020,04:00:00,WALLSEND,37.9,19.2,0.5,97.9,-2.1
26/02/2020,05:00:00,WALLSEND,2.3,19,0.8,98.3,-2.2
26/02/2020,06:00:00,WALLSEND,17.1,18.9,0.8,98.4,4
26/02/2020,07:00:00,WALLSEND,5.7,19.5,1.1,98.1,66.8
26/02/2020,08:00:00,WALLSEND,351.3,23.1,1.5,85.3,372
26/02/2020,09:00:00,WALLSEND,325.8,26.8,3,64.5,447.6
26/02/2020,10:00:00,WALLSEND,318.7,27.9,3.7,60.2,530.6
26/02/2020,11:00:00,WALLSEND,321,29.7,4.5,55,792.7
26/02/2020,12:00:00,WALLSEND,313.6,31,4.8,49.9,935.5
26/02/2020,13:00:00,WALLSEND,317.2,32,4.6,47.1,919.7
26/02/2020,14:00:00,WALLSEND,323.6,32.1,4,47.4,635.9
26/02/2020,15:00:00,WALLSEND,148.5,23.3,3.9,79.8,24.7
26/02/2020,16:00:00,WALLSEND,30.6,20.8,0.8,94.6,88.1
26/02/2020,17:00:00,WALLSEND,357.8,22.1,0.8,89.7,76.6
26/02/2020,18:00:00,WALLSEND,338.2,23.8,1.9,81.9,71
26/02/2020,19:00:00,WALLSEND,325.1,24.4,2,76.9,6.7
26/02/2020,20:00:00,WALLSEND,336.1,24,1.1,75.1,-1.6
26/02/2020,21:00:00,WALLSEND,315.7,24.2,0.9,72.1,-2.1
26/02/2020,22:00:00,WALLSEND,195.3,22.2,3,82.1,-0.7
26/02/2020,23:00:00,WALLSEND,192,21.6,3.2,83.3,-1.1
27/02/2020,01:00:00,WALLSEND,185.3,20.7,2.3,83.6,-1.3
27/02/2020,02:00:00,WALLSEND,183.9,19.7,2,88.7,-1.9
27/02/2020,03:00:00,WALLSEND,181,19.4,2.1,89.7,-1.6
27/02/2020,04:00:00,WALLSEND,189.4,19.3,1.6,89.6,-1.4
27/02/2020,05:00:00,WALLSEND,204.6,19.2,1.2,90.2,-1.2
27/02/2020,06:00:00,WALLSEND,221.6,19.2,1,89.3,0
27/02/2020,07:00:00,WALLSEND,210,19.4,1,86.9,20.9
27/02/2020,08:00:00,WALLSEND,200.3,20.1,1.2,84.3,76.3
27/02/2020,09:00:00,WALLSEND,163.2,20.5,1,81.3,88.9
27/02/2020,10:00:00,WALLSEND,139.3,20.6,0.8,83.1,127.3
27/02/2020,11:00:00,WALLSEND,167.9,21.5,0.8,77.8,276.8
27/02/2020,12:00:00,WALLSEND,148.1,22.8,0.8,70.3,474.2
27/02/2020,13:00:00,WALLSEND,138.6,23.3,1.2,67.9,347
27/02/2020,14:00:00,WALLSEND,137.2,23.1,2,68.1,260.9
27/02/2020,15:00:00,WALLSEND,131.3,23.5,2.2,67.5,494.9
27/02/2020,16:00:00,WALLSEND,93.6,23.9,2.2,67.3,504.8
27/02/2020,17:00:00,WALLSEND,90,23.7,2.7,69.5,334.6
27/02/2020,18:00:00,WALLSEND,89.6,23.1,2.3,73.3,117.1
27/02/2020,19:00:00,WALLSEND,56,22.3,0.9,78.8,8.3
27/02/2020,20:00:00,WALLSEND,59.3,21.5,0.5,83.7,-2.4
27/02/2020,21:00:00,WALLSEND,87.3,21,0.4,86.7,-2.3
27/02/2020,22:00:00,WALLSEND,166.6,20.7,0.2,87.7,-2.3
27/02/2020,23:00:00,WALLSEND,238.6,19.8,0.3,91.3,-2.2
28/02/2020,01:00:00,WALLSEND,253.4,18.2,0.3,96.8,-2.1
28/02/2020,02:00:00,WALLSEND,224.7,17.8,0.4,97.7,-2.3
28/02/2020,03:00:00,WALLSEND,190.2,17.6,0.3,98.2,-2.1
28/02/2020,04:00:00,WALLSEND,247.4,17.2,0.2,98.4,-2.2
28/02/2020,05:00:00,WALLSEND,323,16.6,0.2,98.7,-2.2
28/02/2020,06:00:00,WALLSEND,276.6,15.9,0.3,98.9,2.5
28/02/2020,07:00:00,WALLSEND,218.9,17.3,0.2,98.2,124.3
28/02/2020,08:00:00,WALLSEND,234.9,20.9,1.1,71.5,325.5
28/02/2020,09:00:00,WALLSEND,209.8,23.1,1.9,49.9,580.7
28/02/2020,10:00:00,WALLSEND,202.8,24.2,2.2,43.5,782
28/02/2020,11:00:00,WALLSEND,208.6,24.8,2.3,45.4,927.8
28/02/2020,12:00:00,WALLSEND,200.3,25.2,2.4,43.3,1011.8
28/02/2020,13:00:00,WALLSEND,165,25.1,4,43.4,1023.8
28/02/2020,14:00:00,WALLSEND,163,25.2,4.1,48.5,954.7
28/02/2020,15:00:00,WALLSEND,157.4,24.6,4.8,57.7,818.7
28/02/2020,16:00:00,WALLSEND,155.1,24.2,5.2,62.6,620.5
28/02/2020,17:00:00,WALLSEND,158.1,23.5,4.5,66.4,336.7
28/02/2020,18:00:00,WALLSEND,146.4,22.6,5.6,66.2,91.4
28/02/2020,19:00:00,WALLSEND,149.6,22,3.8,66.2,7
28/02/2020,20:00:00,WALLSEND,146.7,21.9,3.7,67.1,-1.8
28/02/2020,21:00:00,WALLSEND,148,21.3,2.7,66.7,-2.7
28/02/2020,22:00:00,WALLSEND,147.4,21,1.9,67.9,-3
28/02/2020,23:00:00,WALLSEND,163.3,19.6,0.5,75,-2.3
29/02/2020,01:00:00,WALLSEND,212.9,17.5,0.5,85.5,-2
29/02/2020,02:00:00,WALLSEND,206.2,17.4,0.6,86.3,-2.3
29/02/2020,03:00:00,WALLSEND,212.5,16.8,0.8,88.4,-2.5
29/02/2020,04:00:00,WALLSEND,206.1,17.3,1,87,-2.1
29/02/2020,05:00:00,WALLSEND,202.6,17.1,1,87,-2.6
29/02/2020,06:00:00,WALLSEND,193.9,17.2,0.9,87,1.3
29/02/2020,07:00:00,WALLSEND,201.6,18.1,1,85.1,71
29/02/2020,08:00:00,WALLSEND,204.1,20.7,1.5,75.7,330.5
29/02/2020,09:00:00,WALLSEND,198.2,22.8,1.2,70.6,415.4
29/02/2020,10:00:00,WALLSEND,112.5,23.5,2.9,65.9,494.9
29/02/2020,11:00:00,WALLSEND,121.7,24.2,3.5,63.9,711.6
29/02/2020,12:00:00,WALLSEND,111.8,24.7,3.2,62.8,846
29/02/2020,13:00:00,WALLSEND,116.8,25.1,3.3,61.8,934.3
29/02/2020,14:00:00,WALLSEND,114.6,25.2,4,61.6,964.6
29/02/2020,15:00:00,WALLSEND,125.6,24.7,4.5,62.5,701.8
29/02/2020,16:00:00,WALLSEND,107,24.3,4,64.8,519.7
29/02/2020,17:00:00,WALLSEND,111.5,23.8,4.1,67.2,282
29/02/2020,18:00:00,WALLSEND,104.2,23.1,3.5,71.9,91.6
29/02/2020,19:00:00,WALLSEND,96.3,22.6,2.6,76.4,6.6
29/02/2020,20:00:00,WALLSEND,85.6,22.4,1.8,80.4,-2.5
29/02/2020,21:00:00,WALLSEND,63.5,21.9,0.7,82.1,-2.7
29/02/2020,22:00:00,WALLSEND,37.9,21.3,0.6,84,-2.6
29/02/2020,23:00:00,WALLSEND,26.4,20.7,0.5,87.2,-2.5
