Date,Time,RANDWICK_SO2,RANDWICK_NO,RANDWICK_NO2,RANDWICK_OZONE,RANDWICK_PM10,RANDWICK_PM2.5,ROZELLE_SO2,ROZELLE_NO,ROZELLE_NO2,ROZELLE_OZONE,ROZELLE_PM10,ROZELLE_PM2.5,CHULLORA_SO2,CHULLORA_NO,CHULLORA_NO2,CHULLORA_OZONE,CHULLORA_PM10,CHULLORA_PM2.5
01/01/2020,01:00,0,-0.1,0,2,40.9,18.5,0,0,0.1,1.8,36.6,10.2,0,0,0,1.8,39.5,13.1
01/01/2020,02:00,,,,,45.4,8.1,,,,,35.2,10.9,,,,,38.4,11.3
01/01/2020,03:00,0,0,0.4,1.4,39.7,15,0,0,0,1.8,35.9,12.4,0,0.1,0.2,1.6,39.5,11.8
01/01/2020,04:00,0.1,0,0.5,1.3,45,16.2,0,0,0,1.8,35.2,16.2,0,0,0.1,1.5,40.5,13.2
01/01/2020,05:00,0.1,0,0.9,1.1,48.5,22.7,0,0,0.1,1.8,37.3,12.6,0,0,0,1.6,38.1,11.6
01/01/2020,06:00,0.1,0,0.8,1,52.8,24.2,0,0,0.1,1.9,41.6,14.3,0,0.1,0,1.7,36.9,16.7
01/01/2020,07:00,0.1,0.2,0.6,1.2,58.3,21.7,0,0,0.1,1.8,48.8,15,0,0,0,1.7,39.9,14.9
01/01/2020,08:00,0.1,0.2,0.4,1.4,52.9,18.2,0,0,0,1.9,50.2,24.7,0,0,-0.1,1.9,49.1,14.1
01/01/2020,09:00,0.1,0,0.1,1.9,58.1,3.8,0,0,0,2.2,59.9,20.8,0,0.1,-0.1,2.2,56.2,18.1
01/01/2020,10:00,0,0,0,2.3,72.5,,0.1,0.1,0.3,2.4,63.1,24.7,0,0,-0.2,2.6,54.5,22.8
01/01/2020,11:00,0,-0.1,0,2.9,107.5,26.7,0.1,0.1,0.2,3.1,66,28.4,0,0,-0.1,3.1,59.4,22.1
01/01/2020,12:00,0,-0.1,0,3.2,111.7,63.1,0.1,0,0.2,4.6,89.2,38.2,0,0,-0.1,3.5,73.1,29
01/01/2020,13:00,0,-0.1,0,3.5,129.2,85,0,0,0.1,4.2,90.3,54.1,0,0,0,4.4,87.2,43
01/01/2020,14:00,0,-0.1,-0.1,2.7,63,77.8,0,0,0,3.7,77.7,67.7,0,0,-0.1,4,104.8,57.6
01/01/2020,15:00,0,0,-0.1,2.7,46.3,37.4,0,0,-0.1,3,32,40.7,0,0,-0.2,3.1,63.4,57.3
01/01/2020,16:00,0,0,-0.1,2.5,47.4,26.1,0,0,-0.1,2.9,27.5,15,0,0,-0.2,2.9,30.6,33.4
01/01/2020,17:00,0,0,-0.2,2.5,52.7,39.9,0,0,-0.1,2.7,35.9,12.3,0,0,-0.2,2.6,35.7,22.2
01/01/2020,18:00,0,0,-0.1,2.5,53.9,35.4,0,0,-0.1,2.6,39,13.2,0,0,-0.2,2.5,34.6,18.1
01/01/2020,19:00,0,-0.1,-0.1,2.5,49.1,19.1,0,0,0.1,2.5,40.8,15.5,0,0,-0.1,2.4,37.6,9.4
01/01/2020,20:00,0,0,0,2.3,35.9,-3,0,0,0.2,2.2,33.8,15.8,0,0,-0.1,2.2,38.9,9.4
01/01/2020,21:00,0,0,-0.2,2.6,27.4,-8.9,0,0,0.3,2.1,27.5,8.1,0,0.1,0.2,2,36.1,12.3
01/01/2020,22:00,0,0,-0.1,2.8,40.1,29.9,0,0,0.1,2.4,33.6,6.8,0,0.3,0.4,1.8,37.2,19.9
01/01/2020,23:00,0,0,-0.1,2.6,44.2,25.5,0,0,-0.1,2.6,36.6,15.4,0,0.3,0.3,1.9,38.7,27
01/01/2020,24:00,0,0,-0.1,2.6,39.4,40.3,0,0,-0.1,2.7,33.7,21.3,0,0.2,0.3,1.9,37.6,23.2
02/01/2020,01:00,0,0,-0.1,2.5,40,31.1,0,0,-0.1,2.5,38.4,21.2,0,0.2,0.3,1.9,47,17.9
02/01/2020,02:00,,,,,44.7,35.4,,,,,40.6,20.8,,,,,50.1,21.2
02/01/2020,03:00,0,0,-0.2,2.2,51.7,28,0,-0.1,0,2.3,44.9,24.6,0,0.2,0.4,1.9,47.6,27.8
02/01/2020,04:00,0,0,-0.1,2.1,84.4,54.5,0,-0.1,0,2.2,64.1,26.4,0,0.2,0.3,1.8,56.1,29
02/01/2020,05:00,0,0,-0.1,2.1,91.2,80.8,0,-0.1,0.2,2,97.1,48.6,0,0.2,0.5,1.6,73.8,40.6
02/01/2020,06:00,0,,,2.4,28.1,71.5,0.1,0,0.6,1.5,108,78.1,0,0.1,0.3,1.6,89.8,51.8
02/01/2020,07:00,0,,,2.2,27.7,39.5,0,0,0.2,2,25,67.8,0,0.1,0.5,1.4,100,64.9
02/01/2020,08:00,0,,,2.2,30,19.7,0,0,0,2.2,24,24.6,0,0.1,0.3,1.7,100,72.6
02/01/2020,09:00,0,,,2.1,26.5,-3.3,0,0,0,2.3,23.7,14.9,0,0,0.1,2.1,66,68.7
02/01/2020,10:00,0,,,2.1,20.6,-2.5,0,0,0,2.4,25.4,7.5,0,0,0,2.4,58.1,55.9
02/01/2020,11:00,0,,,2.1,18.1,7.3,0,0.1,0.1,2.4,23.3,6.5,0,0,0,2.5,46,41.9
02/01/2020,12:00,0,,,2,16.9,-3.6,0,0.2,0.2,2.2,23.7,9,0,0.1,0,2.7,31.4,33
02/01/2020,13:00,0,,,2,19.2,4.5,0,0.2,0.2,2.2,22.3,5.2,0.1,0.2,0.2,2.5,21.8,20.6
02/01/2020,14:00,0.1,,,2.1,21.9,7.6,0,0,0,2.4,21.6,6.8,0.1,0.1,0.1,2.4,21.1,12.3
02/01/2020,15:00,0,,,2.3,24.8,7.5,0,0,0,2.4,22.7,4.4,0,0.1,0,2.3,21.9,11.3
02/01/2020,16:00,0,,,2.5,35.9,16.2,0,0.1,0,2.4,27.3,9.5,0,0.1,0.1,2.3,26.3,11.6
02/01/2020,17:00,0,,,2.8,55.8,12.2,0,0,0.1,2.5,39.7,14.2,0,0.1,0.2,2.2,29.1,1.4
02/01/2020,18:00,0.1,,,2.3,37.3,,0,0,0.1,2.2,32.5,15.9,0,0,0.3,2,42.5,8.4
02/01/2020,19:00,0.1,,,2.3,31.8,3.5,0,0,0,2.2,25.2,11,0,0,0.4,1.6,28,13.5
02/01/2020,20:00,0,,,2.3,36.9,,0,0,0,2.3,28.5,12.3,0,0,0.2,1.8,28.5,13.4
02/01/2020,21:00,0,,,2.3,37.5,,0,0,0,2.4,29.6,19.7,0,0,0,2.1,32.5,12.5
02/01/2020,22:00,0,,,2.4,36.2,6.7,0,-0.1,0,2.4,31,17.7,0,0,0,2,32.7,16.1
02/01/2020,23:00,0,0,-0.2,2.3,39.5,29,0,-0.1,0,2.5,29.8,14.9,0,0,0,2,34.6,19.6
02/01/2020,24:00,0,,,2.4,31.9,41.3,0,0,0,2.4,30.8,16.9,0,0,-0.1,2.2,32.9,17.7
03/01/2020,01:00,0,,,2.4,32.6,31.5,0.1,0,0.3,2.2,35.6,20.1,0,0,-0.1,2.3,36.2,21
03/01/2020,02:00,,,,,37.9,23.3,,,,,37.9,15.1,,,,,40.4,23
03/01/2020,03:00,0,0,-0.1,2.3,40.3,25.8,0,0,0.2,2.3,41.1,20.3,0,0,0.3,2.1,42.9,22.9
03/01/2020,04:00,0,0,-0.1,2.4,37.9,25.2,0,0,0.2,2.3,36.5,18.8,0,0,0.2,1.9,49.7,28.2
03/01/2020,05:00,0,0,-0.1,2.4,41.8,21,0,0,0.1,2.5,41.4,19.1,0,0.1,0.7,1.4,55.4,32.4
03/01/2020,06:00,0,0,-0.1,2.2,41.5,7.5,0,0,0.6,1.9,41.4,30.9,0,0.3,1,1.1,63.2,38.3
03/01/2020,07:00,0,0,0,2.2,37.6,17.1,0.1,0.2,1.2,1.3,42.4,24.8,0,0.2,0.8,1.3,63.3,38.6
03/01/2020,08:00,0.1,0.4,0.7,1.6,74.6,34,0,0.1,0.5,2,53.7,17.7,0,0.2,0.4,1.9,59.2,34
03/01/2020,09:00,0.1,0.4,0.6,1.9,51.3,35.6,0,0.1,0.3,2.4,53.1,16.4,0,0.2,0.3,2.3,53.3,36.3
03/01/2020,10:00,0.1,0.2,0.4,2.5,52.5,9.2,0,0.1,0.2,3.4,38,10.3,0,0.2,0.4,2.9,41.6,31.5
03/01/2020,11:00,0.1,0,0,3.2,47.8,2.6,0,0.5,0.9,3.1,43.5,14.2,0,0.1,0.1,4.4,41.3,23.9
03/01/2020,12:00,0,0,-0.1,3.8,44.2,22.2,0,0.7,1.4,3.2,47,16.7,0.1,0.1,0.3,4.8,47.2,25.5
03/01/2020,13:00,0,0,-0.2,3.2,36.9,27.3,0.1,0.7,1.3,3.1,40.1,16.9,0.1,0.1,0.3,5.3,45,21.7
03/01/2020,14:00,0,0,-0.2,3,30.1,17.2,0.1,1.1,1.3,2.3,31.5,23.1,0.1,0.1,0.3,4.5,44,24.5
03/01/2020,15:00,0,0,-0.2,3.2,28.7,17.4,0,0.4,0.5,2.4,17.9,14.7,0.1,0.1,0.2,3.8,29.5,23.8
03/01/2020,16:00,0.1,0,-0.2,3.1,16.4,5.5,0,0.1,0.2,2.8,19.5,11.4,0.1,0.1,0,3.2,24.3,17.8
03/01/2020,17:00,0,0,-0.2,2.6,9.6,6.5,0,0.1,0.2,2.5,13.1,9.5,0,0.1,0,2.9,12.2,11.7
03/01/2020,18:00,0,0,-0.1,2.6,34.8,15.5,0,0.1,0.1,2.3,26.6,6.3,0,0.1,0,2.4,22.5,7.6
03/01/2020,19:00,0,0,-0.1,2.5,19.9,5.9,0,0,0,2.4,16.9,4.7,0,0.2,0.3,2,24,12.3
03/01/2020,20:00,0,0,-0.1,2.1,15.6,14.5,0,0,0,2.2,20.1,8.8,0,0.2,0.7,1.5,15.2,10.2
03/01/2020,21:00,0,0,-0.2,2.3,23.3,-0.2,0,0,0.1,2.1,22.4,7.6,0,0.2,0.7,1.4,23.5,4.7
03/01/2020,22:00,0,0,-0.2,2.2,28.1,11.6,0,0,0.1,2.1,24.1,7.8,0,0,0.3,1.5,23.3,6.9
03/01/2020,23:00,0,0,-0.2,2.2,23.9,9.8,0,0,0.1,2,24.9,8,0,0,0.2,1.5,24.8,7.4
03/01/2020,24:00,0,0,-0.2,2.1,25.3,-6,0,0,0.2,1.9,26.8,11.5,0,0,0.2,1.4,24.7,7.9
04/01/2020,01:00,0,0,-0.2,2.1,31.4,20.4,0,0,0.1,1.9,26.3,12,0,0,0.4,1.1,24.3,7.5
04/01/2020,02:00,,,,,31.3,32.7,,,,,25.2,9,,,,,23.8,8.6
04/01/2020,03:00,0,0,-0.2,2,29.3,4.6,0,0,0.1,1.9,25.1,9.8,0,0,0.2,1,21.4,11.1
04/01/2020,04:00,0,0,-0.2,2,22.3,12.4,0,0,0.1,1.5,23.3,9.3,0,0.1,0.3,0.4,22.4,11.6
04/01/2020,05:00,0,0,-0.1,1.7,26.7,3.9,0,0,0.1,1.3,22.6,13,0,0.9,0.8,0.2,24.2,10.7
04/01/2020,06:00,0,0,0.3,1.2,37.9,,0,0.1,0.3,0.9,25.9,13.8,0,0.7,0.8,0.3,30.4,11.3
04/01/2020,07:00,0.1,1.1,1,0.7,28.6,6.5,0,0.2,0.5,1,26.6,12.2,0,0.5,0.6,0.8,33.5,11.7
04/01/2020,08:00,0.1,1.1,1.1,1,20.9,14.8,0,0.3,0.6,1.4,24.8,9.7,0,0.4,0.4,1.5,25.7,16
04/01/2020,09:00,0.1,0.2,0.6,2.7,40.6,24.4,0.1,0.1,0.5,3.1,31,6.5,0.1,0.2,0.3,3.1,35.2,18.6
04/01/2020,10:00,0.1,0.1,0.7,3.9,63.8,12,0.2,0,0.7,6.6,63.9,19.4,0.2,0,0.2,6.4,66,28.9
04/01/2020,11:00,0.2,0.1,0.6,5.4,69.8,11.3,0.2,0.6,3.2,6.8,77.6,35.9,0.2,0,0,7.7,66.8,47.9
04/01/2020,12:00,0.3,0,0.6,6.7,87.3,35,0.2,0.6,3.7,6.1,67.6,39.7,0.1,0,-0.1,7.2,56.3,46.5
04/01/2020,13:00,0.4,0,0.6,9,86.2,22.2,0.2,0.6,3.5,6.4,78.3,41.7,0.1,0,-0.2,6.3,46.5,29.3
04/01/2020,14:00,0.2,0,0.4,7.5,78.5,38.3,0.2,0.9,4.3,5,71.3,45,0.1,,,5.7,44,22.2
04/01/2020,15:00,0.2,0,0.3,8.3,76,40.1,0.1,0.3,2.5,6.9,69.2,28.1,,,,5.3,44.7,18
04/01/2020,16:00,0.1,0,0.2,7.5,76.4,37.8,0.2,0.2,2.2,7.4,85.7,35.9,,,,7.5,88.5,17.9
04/01/2020,17:00,0.1,0,0.2,7.4,68.1,33.9,0.1,0.1,2.1,6.8,78.7,42.7,,,,9.2,90.5,28
04/01/2020,18:00,0.1,-0.1,0,8,72.9,44.8,0.1,0,0.5,8.1,64,41.2,0.1,0,0.9,8.4,86.7,43.2
04/01/2020,19:00,0.1,-0.1,0.1,7.8,67.1,49.7,0.1,0,0.3,8.3,67.1,35.8,0.2,0,1.1,6.9,74.9,44.5
04/01/2020,20:00,0,-0.1,0,7,65.1,44.9,0.2,0,0.6,7.7,67.4,37.5,0.6,0,1.6,5.8,72.3,37.5
04/01/2020,21:00,0.2,-0.1,0.2,6.3,188.2,40.2,0.9,0,1.5,5.7,114.2,38.2,0.7,0,1.7,5,118.4,42.4
04/01/2020,22:00,0,-0.1,-0.1,5.7,184.4,69,0,0,0.2,5.9,166,59.3,0,0,-0.1,5.6,173.4,68.5
04/01/2020,23:00,0,-0.1,-0.1,5.2,173.7,96.3,0,0,0,5.3,155.4,95,-0.1,,,4.9,154.6,87.2
04/01/2020,24:00,0,-0.1,-0.1,4.7,165.7,107.6,0,0,0,4.8,150.8,107.6,-0.1,,,4.2,138.8,95.8
05/01/2020,01:00,0,-0.1,-0.1,4,123.9,104.2,0,0,0,4,118.1,98.9,0,,,3.4,94.1,82.5
05/01/2020,02:00,,,,,52.1,78.5,,,,,55.7,76.2,,,,,45.9,56.2
05/01/2020,03:00,0,0,-0.1,2.2,56.2,33,0,0,-0.1,2.3,38.1,40,0,0,-0.1,2.2,33.8,30.9
05/01/2020,04:00,0,0,-0.1,2.2,59.7,22.8,0,0,-0.1,2.2,43.1,21.9,0.1,0.1,0,1.9,38.3,15.1
05/01/2020,05:00,0,0,-0.1,2.2,61.9,29.9,0,0,-0.1,2.3,54.1,20.6,0,0.1,0,2,53.2,14.5
05/01/2020,06:00,0,0,-0.1,2.3,67.3,38,0,0,0.1,2.1,59.8,13.9,0,0.2,0,1.9,62.1,11.7
05/01/2020,07:00,0,0,-0.2,2.2,62.4,27.3,0,0,0,2.1,56.6,16.9,0,0.2,0.1,1.8,63.1,10.4
05/01/2020,08:00,0,0,-0.2,2.2,56.5,27.5,0,0.1,0,2,51.9,15.3,0,0.2,-0.1,1.9,57.1,16.6
05/01/2020,09:00,0,0,-0.1,2.5,70.2,28.8,0.1,0.1,0,2.3,59.8,15.2,0,0.2,-0.1,2,60.8,28.3
05/01/2020,10:00,0,0,-0.1,2.8,80,20.5,0,0,0,2.7,70.9,24.1,0,0.2,-0.2,2.4,71.8,34.1
05/01/2020,11:00,0,0,-0.1,2.7,72.2,22.2,0.1,0,0,2.8,67.3,30.6,0,0.2,0,2.5,74.3,34.3
05/01/2020,12:00,0,0,-0.1,2.9,83.3,25.7,0.1,0.1,0.1,3.3,96.6,34.2,0,0.1,0.1,3.6,138.2,48.9
05/01/2020,13:00,0,0,-0.1,2.8,93.5,41.7,0.1,0.1,0.2,3.5,106.7,42.5,0,0,0,3.9,175.4,95.9
05/01/2020,14:00,0,0,-0.1,2.8,87,50.6,0,0,0,3.1,91.1,42.3,0,0.1,0,2.9,126.1,89.2
05/01/2020,15:00,0,0,-0.1,2.6,66.2,61.9,0,0,0,2.6,68.7,39.4,0,0.1,-0.2,2.5,87.1,68.8
05/01/2020,16:00,0,0,-0.2,2.4,41.5,24.7,0,0,-0.1,2.4,47.8,30.5,0,0,-0.3,2.3,61.7,43.2
05/01/2020,17:00,0,0,-0.2,2.4,47.9,2.3,0,0,-0.1,2.4,41.6,25.5,0,,,2.2,55.9,34.8
05/01/2020,18:00,0,0,-0.1,2.4,46.6,11,0,0,-0.1,2.3,48,20.7,0,,,2.1,41.8,29.2
05/01/2020,19:00,0,0,-0.2,2.3,41.8,18.8,0.1,0,0,2.1,38.5,17.3,0,,,2.1,38,21.2
05/01/2020,20:00,0,0,-0.2,2.3,45.8,24.8,0.1,0,-0.1,2.1,38.9,14.9,0,,,2,36,16.3
05/01/2020,21:00,0,0,-0.2,2.3,52.4,16.9,0,0,-0.1,2.2,39.5,12.8,0,,,2,37.5,13.3
05/01/2020,22:00,0,0,-0.2,2.3,55.1,16.2,0,0,-0.1,2.2,43.8,8.2,0,0,-0.2,1.9,43.9,15.6
05/01/2020,23:00,0,0,-0.2,2.3,49.5,26.6,0,0,-0.1,2.2,43.9,15.2,0,0,-0.2,1.9,45.5,16.6
05/01/2020,24:00,0,0,-0.2,2.3,38.5,7.7,0,0,-0.1,2.2,38.9,15.2,0,,,1.9,36.1,16
06/01/2020,01:00,0,0,-0.2,2.2,41,-1.7,0,0,-0.1,2.1,33.9,13,0,0,0,1.6,32.5,18.1
06/01/2020,02:00,,,,,42.3,1.2,,,,,33,13.4,,,,,33.6,19
06/01/2020,03:00,0,0,0,1.4,35.5,-6.1,0,0,0.5,1.2,30.3,10.8,0,0.2,0.8,1.1,39.4,13.6
06/01/2020,04:00,0,0,0.1,1.8,61.1,9.2,0,0,0.9,0.7,35.6,13.5,0,0.6,1.2,0.6,53.5,20.3
06/01/2020,05:00,0,0,-0.1,2.2,46.2,16.5,0,0.1,1.1,0.4,37.8,8.6,0,0.7,1.3,0.4,42.2,18.6
06/01/2020,06:00,0,0,-0.2,2.4,41,16.9,0,0.1,1.2,0.4,40.8,8.1,0,1.6,1.5,0.2,56.1,19.9
06/01/2020,07:00,0,0,-0.2,2.4,39.2,14.5,0,0.2,0.9,1.2,33.3,17.2,0,2.7,1.8,0.2,60.1,24.8
06/01/2020,08:00,0,0,-0.2,2.4,40.3,16.1,0,0.1,0.5,1.9,38.1,12.2,0,0.3,0.8,1.4,40.1,16.2
06/01/2020,09:00,0,0,-0.2,2.4,39.7,7.3,0,0.1,0.5,1.9,38.1,8.7,0,0.1,0.5,1.7,38.4,15.2
06/01/2020,10:00,0,0,-0.2,2.5,44.5,5.7,0,0.4,0.8,1.6,42.6,11.9,0,0.1,0.4,1.9,41.2,12.3
06/01/2020,11:00,0,0,-0.2,2.5,43.8,14.4,0,0.4,0.9,1.5,40.6,14.5,0,0.1,0.5,1.9,44.8,16.2
06/01/2020,12:00,0,0,-0.2,2.5,46.3,18.9,0,0.3,0.6,1.8,46,13.7,0,0.1,0.3,2,43,14.9
06/01/2020,13:00,0,0,-0.2,2.5,44,17.6,0,0.3,0.4,2.2,43.6,16.9,0,0.6,0.5,1.7,38.9,15.3
06/01/2020,14:00,0.1,0.1,-0.1,2.7,50.6,18.2,0,0.6,0.7,2.2,48.9,15.5,0,0.1,0.2,2.6,39.8,15.5
06/01/2020,15:00,0,0,-0.2,2.7,41.9,3.5,0,0.8,0.7,1.8,49.7,18.7,0,0.1,0.3,2.5,46.5,17.8
06/01/2020,16:00,0.1,0,-0.2,2.6,43,11.4,0.1,2.2,1.7,0.9,43.1,19,0,0.1,0.3,2.1,50.2,15.1
06/01/2020,17:00,0.1,0,-0.2,2.5,33.1,17,0,0.2,0.6,2,37.2,18.5,0,0.1,0.6,1.9,37.8,12.4
06/01/2020,18:00,0,0,-0.2,2.3,33.6,5.2,0,0.1,0.5,1.7,27.5,14.7,0,0,0.4,2,33.8,14.7
06/01/2020,19:00,0,0,-0.1,2.1,28.9,9.8,0,0,0.5,1.6,24.2,10.8,0,0,0.6,1.6,25.5,13.1
06/01/2020,20:00,0,0,-0.2,2.1,21.7,13.6,0,0,0.4,1.5,18.2,10.2,0,0.1,0.7,1.2,25.9,12.4
06/01/2020,21:00,0,0,-0.2,2.1,16.1,6.6,0,0,0.3,1.6,13.2,-2.3,0,0,0.6,1.2,12.5,7.2
06/01/2020,22:00,0,0,-0.2,2.1,14.2,6.6,0,0,0.2,1.6,9.6,-2.7,0,0,0.9,0.8,14.7,7
06/01/2020,23:00,0,0,-0.2,2.1,16.2,7.2,0,0,0.1,1.7,9.6,4.1,0,0.1,0.9,0.7,8.1,4
06/01/2020,24:00,0,0,-0.2,2.1,23.6,4.5,0,0,0,1.9,15.6,2.8,0,0.1,0.9,0.6,15.1,3.7
07/01/2020,01:00,0,0,-0.2,2,22.3,2.7,0,0,0,1.5,5.9,4.1,0,0,0.7,0.8,2.8,2.3
07/01/2020,02:00,,,,,4.4,12.6,,,,,-1,0.2,,,,,5.7,3.8
07/01/2020,03:00,0,0,0,1.8,17.7,2.4,0,0,0.5,0.9,3.7,2.7,0,0,0.5,0.9,10.9,5.3
07/01/2020,04:00,0,0,0.6,0.8,3.5,11.2,0,0.1,0.6,0.7,9.1,3.8,0,0.3,0.7,0.6,13.1,8
07/01/2020,05:00,0,0,0.3,1,8,9.3,0,0,0.5,0.7,8.4,7.3,0,0.5,1,0.3,12.1,7.7
07/01/2020,06:00,0,0.1,0.7,0.8,14.5,10.1,0,0.3,0.8,0.6,17.3,5.9,0,0.9,1.1,0.3,19.3,7.2
07/01/2020,07:00,0,0.4,1,0.7,7,8.1,0,0.4,1,0.7,13.8,2.2,0,1,1.2,0.3,21,10.3
07/01/2020,08:00,0,0.8,1,0.8,33.1,15.8,0,0.9,1.2,0.6,24.3,8.1,0.1,1.6,1.3,0.4,27.1,15.1
07/01/2020,09:00,0,0.3,0.5,1.2,28.4,4.5,0,0.8,1,0.9,16.9,8,0,0.7,0.9,1,20.8,12.4
07/01/2020,10:00,0,0.3,0.2,1.6,26.8,3.2,0,0.4,0.7,1.5,22.3,9.6,0,0.6,0.8,1.4,16.3,11.7
07/01/2020,11:00,0,0.2,0.3,2,33,11.8,0,0.4,0.7,2.1,20.2,12.6,0,0.3,0.5,2.3,16.3,14.2
07/01/2020,12:00,0.1,0.2,0.2,2.5,41.1,3.5,0,0.2,0.5,3.1,24.3,14.5,0,0.1,0.3,3.2,21.8,14.9
07/01/2020,13:00,0.1,0.1,0.2,3.1,41,13.8,0,0.1,0.7,3.7,32,14.6,0,0.1,0.5,3.6,22.8,18
07/01/2020,14:00,0.2,0.1,0.3,3,48.6,36.6,0.3,3.4,2.7,1.5,51.1,16.5,0,0.1,0.4,3.8,19.5,19.6
07/01/2020,15:00,0.1,0.1,0.1,3.1,42.8,37.6,0.2,2.9,2.4,1.3,48.1,25.8,0.1,0.4,1.6,2.6,52.5,19.5
07/01/2020,16:00,0.1,0.2,0,3.8,37.5,36.5,0.1,0.2,0.8,3.6,48.8,27,0.1,0.3,1,3.5,47.5,16.7
07/01/2020,17:00,0,0,0,3.4,50.2,23.7,0.2,0.1,0.8,3.9,41.7,23.9,0.2,0.1,0.7,4.2,39.4,24.9
07/01/2020,18:00,0,0,-0.1,3.2,59.3,28.7,0.1,0,0.6,3.5,40.3,23.4,0.1,0,0.6,3.7,38.7,33.4
07/01/2020,19:00,0,0,0,3.4,51.7,33.6,0,0,0.3,3.2,45.8,24.2,0,0,0.4,2.9,44.1,28.9
07/01/2020,20:00,0,0,-0.1,3.4,44.1,20.8,0,0,0.2,3.4,36.5,23.1,0,0,0.7,2.3,44.5,21.9
07/01/2020,21:00,0,0,-0.2,3.5,47.3,5.7,0,0,0.3,3.2,42.2,25.7,0,0,0.8,2.3,40.7,18.6
07/01/2020,22:00,0,0,-0.2,3.3,44.1,20.8,0,0,0.3,2.9,39.5,28.4,0,0,0.8,2.1,46.9,22.8
07/01/2020,23:00,0,0,-0.1,2.9,43.2,26.9,0,0,0.4,2.6,43.9,20.7,0,0,0.1,2.5,46.3,22.5
07/01/2020,24:00,0,0,0.2,2.5,45.8,25.4,0,0,0.1,2.6,39.5,18.2,0,0,0,2.7,33.8,23.4
08/01/2020,01:00,0,0,-0.1,2.7,36.8,25.5,0,0,0.2,2.5,38.3,18.2,0,0,0,2.5,40.5,19.1
08/01/2020,02:00,,,,,54.1,23.9,,,,,38.7,18.1,,,,,37.5,20.6
08/01/2020,03:00,0,0,0,3.7,121.8,58.3,0,0,0,3.3,75.4,33.4,0,0,0.1,2.7,56.8,34.6
08/01/2020,04:00,0,0,-0.1,3.8,128.9,80.8,0,0,0,3.3,87.4,54.7,0,0,0.4,2.2,63.4,46.9
08/01/2020,05:00,0,-0.1,0,4.1,132.4,91.9,0,0,0.1,3.4,99,68.2,0,0,0.4,2.2,79.7,53.9
08/01/2020,06:00,0,0,0,4.4,176.5,112.3,0,0,0.4,3.4,121.5,80.5,0,0.1,0.7,1.8,85.8,60
08/01/2020,07:00,0,-0.1,0.2,4.8,202.8,148.2,0,0,0.6,4.1,169,105.1,0,0.2,0.7,2.4,106.9,69.5
08/01/2020,08:00,0,-0.1,0.2,5.3,225.8,174.8,0,0,0.5,4.6,187.8,131,0,0.1,0.6,3.4,138.6,96.7
08/01/2020,09:00,0,-0.1,0.2,6.2,215.3,194.9,0,0,0.5,5.3,169.1,133.6,0,0.1,0.4,4.4,141.4,112.6
08/01/2020,10:00,0,-0.1,0.3,7.1,198.4,180.9,0,0,0.5,6.4,169.5,133.4,0,0.1,0.5,5.6,155.1,127.6
08/01/2020,11:00,0,-0.1,0.1,6.9,160,138.5,0,0,0.5,6.6,148.9,126.3,0,0,0.2,6,129.9,134.5
08/01/2020,12:00,0,-0.1,0.1,6.8,149.1,112.4,0,0.1,0.8,6.4,128.9,112.9,0,0,0.2,6.1,109.1,110.8
08/01/2020,13:00,0,-0.1,0.1,7.1,142,124.4,0,0.1,0.7,6.5,120.4,94.7,0,0,0.2,6.6,119.9,97.5
08/01/2020,14:00,0,-0.1,0.1,6.6,125.6,133.1,0,0.1,0.6,6.2,108.6,93.3,0,0,0.2,6.2,124.4,102.5
08/01/2020,15:00,0,-0.1,0.1,7.5,170.7,134.6,0,0,0.4,6.9,132.2,93.5,0,0,0.2,6.6,129.5,104.9
08/01/2020,16:00,0,-0.1,0.1,7.6,175.2,153.5,0,0,0.3,7.7,159.4,116.4,0,0,0.2,6.9,149.1,122.7
08/01/2020,17:00,0,-0.1,0.1,7,139.6,143.9,0,0,0.7,6.6,132.7,119.1,0,0,0.2,6.4,131.8,126.8
08/01/2020,18:00,0,-0.1,0.1,6.7,134.7,133.3,0,0,0.5,6.3,116.5,103.7,0,0,0.2,6.3,125.3,117.6
08/01/2020,19:00,0,-0.1,0,6,117.5,106,0,0,0.3,5.7,95.5,84.2,0,0,0.1,5.1,102.7,106.9
08/01/2020,20:00,0,-0.1,0,5.4,105.2,97.9,0,0,0.2,5,85.7,71.5,0,0,0,4.5,83.1,84.4
08/01/2020,21:00,0,-0.1,-0.1,5.5,106.7,90.9,0,0,0.3,5.1,96.9,68.3,0,0,0.1,4.8,91.2,77.3
08/01/2020,22:00,0,-0.1,0,5.3,98.5,97.9,0,0,0.4,5,91.6,80.4,0,0,0.1,4.9,95,84.3
08/01/2020,23:00,0,-0.1,0,5.1,98,101.5,0,0,0,5.1,79.7,81,0,0,0.1,4.7,80.8,81.7
08/01/2020,24:00,0,-0.1,0.2,4.5,80,96.3,0,0,0.1,4.7,71.1,73.8,0.1,0,0.3,4.1,81.5,74.6
09/01/2020,01:00,0,-0.1,0.1,4.3,70.3,83.6,0,0,0.2,4.1,60.8,67.8,0.1,0,0.5,3.8,79.5,76.7
09/01/2020,02:00,,,,,49.6,62.3,,,,,59,58.4,,,,,78,78.1
09/01/2020,03:00,0,0,-0.2,3.4,39.3,28.4,0.1,0,0.3,3.1,52.3,54.4,0.1,0,0.5,3.1,55.7,70
09/01/2020,04:00,0,0,-0.2,2.6,25,20.6,0,0,0,2.8,27.8,29.5,0.1,0,0.3,2.5,42.2,49.2
09/01/2020,05:00,0,0,-0.2,2.2,6.5,15.9,0,0,0.1,2.1,10.8,12,0,0,0.1,1.9,16.4,27.5
09/01/2020,06:00,0,0,-0.2,2,-2.3,7.1,0,0,0.3,1.8,4.5,8.6,0,0.1,0.5,1.4,8,13.8
09/01/2020,07:00,0,0,-0.1,1.9,1.5,-2.1,0,0,0.4,1.6,0.5,5.4,0,0.3,0.5,1.3,1.2,8
09/01/2020,08:00,0,0,0,1.8,5.9,-0.7,0,0.1,0.4,1.6,2.1,3.1,0,0.3,0.4,1.4,0.9,2.3
09/01/2020,09:00,0,0.1,-0.1,1.9,-1.9,2.5,0,0.1,0.4,1.6,2.3,4.2,0,0.4,0.5,1.3,9.9,8.8
09/01/2020,10:00,0,0,-0.1,2.1,-3.2,-2.2,0,0.1,0.3,1.9,-0.8,4.3,0,0.3,0.3,1.7,-3.6,10.4
09/01/2020,11:00,0,0.1,-0.2,2.2,2.7,5.4,0,0.2,0.2,2.1,3.1,1.9,0,0.2,0.1,2,3.7,7.7
09/01/2020,12:00,0,0,-0.2,2.4,0.4,6.8,0,0.1,0.2,2.4,4.4,0.8,0,0.1,0,2.3,4.1,5.3
09/01/2020,13:00,0,0,-0.2,2.5,6.9,8.6,0,0.2,0.3,2.4,6.4,3.7,0,0.1,0,2.5,6.4,4.1
09/01/2020,14:00,0.1,0,-0.2,2.6,5.1,12.5,0,0.2,0.3,2.5,6.9,4.7,0,0,-0.1,2.6,5.1,2.7
09/01/2020,15:00,0,0,-0.2,2.6,1.7,-2.4,0,0.2,0.3,2.4,6.5,3.3,0,0,-0.1,2.6,1.5,3.4
09/01/2020,16:00,0,0,-0.2,2.6,4.7,-8.7,0,0.2,0.3,2.3,8.6,3.8,0,0,0,2.4,6.6,3.5
09/01/2020,17:00,0,0,-0.2,2.5,12.9,-0.8,0,0.1,0.5,2.1,7.7,3.2,0,0.1,0,2.3,7.1,5.4
09/01/2020,18:00,0.1,,,2.5,10.5,,0,0.1,0.6,1.9,12.6,2.2,0,0,0.1,2.2,10.3,5.3
09/01/2020,19:00,0.1,0,-0.2,2.4,6.1,-3.4,0,0,0.5,2,8.1,5.5,0,0,0.1,2.1,10,4.6
09/01/2020,20:00,0.1,0,0,2.2,13.7,-0.5,0,0,0.6,1.9,9.9,4.8,0,0,0.2,2,10,3.3
09/01/2020,21:00,0.1,0,0,2.1,12.5,7.2,0,0,0.6,1.8,10.6,-3.3,0,0,0.3,1.8,9.7,6.3
09/01/2020,22:00,0,0,-0.2,2.3,5.4,14.3,0,0,1,1.4,7.4,2.7,0,0,0.2,1.8,8.3,7.9
09/01/2020,23:00,0,0,-0.2,2.3,5.5,5.3,0,0,1,1.4,10.3,7.8,0,0,0.1,1.8,6.1,4.3
09/01/2020,24:00,0,0,-0.2,2.2,6,-4.6,0,0,0.5,1.6,6.3,8.9,0,0,0.1,1.8,5,4.2
10/01/2020,01:00,0.1,0,-0.1,2,8,-7.6,0,0,0.1,1.8,4.1,5.1,0,-0.1,0,1.8,5.8,4.7
10/01/2020,02:00,,,,,11.9,-0.2,,,,,4.4,4.7,,,,,4.9,5.2
10/01/2020,03:00,0.1,0.1,1.3,0.7,16.5,14.1,0,0,0.3,1.4,4.5,2.5,0,0,0.5,1.2,7.3,4.3
10/01/2020,04:00,0.2,0.3,1.2,0.7,14.6,4,0,0,0.3,1.4,6.6,2.7,0,0,0.6,1,8.1,3.1
10/01/2020,05:00,0.1,0,0.3,1.5,12.6,16.6,0,0,0.5,1.2,11.3,1.4,0,0.1,0.8,0.7,14,3.8
10/01/2020,06:00,0.1,0.1,0.6,1.2,14.3,6.6,0,0.1,0.9,0.9,10.7,4.3,0,0.2,1.2,0.5,16.9,8.4
10/01/2020,07:00,0.1,0.3,1.1,1,10.6,9.8,0,0.7,1.3,0.6,12.3,3.2,0,1,1.3,0.4,17.9,10
10/01/2020,08:00,0.1,0.2,0.7,1.7,19,2.5,0,1.3,1.3,0.7,17.2,5.8,0,0.7,1,0.9,16.5,8.1
10/01/2020,09:00,0,0.1,0.2,2.6,12.9,0.1,0,0.3,0.6,2,18.7,7.1,0.2,0.3,0.5,1.9,14.7,9.5
10/01/2020,10:00,0,0,0,3,19.6,11.2,0.3,0.3,0.7,2.6,20.8,9.2,0.2,0.2,0.3,2.8,20.6,14
10/01/2020,11:00,0.1,0,0,3.2,26.3,14.1,0.2,0.3,0.7,3.3,37.3,15.3,0.2,0.2,0.5,3.7,28.8,18.2
10/01/2020,12:00,0.1,0,-0.1,3.3,22.2,13.7,0.1,0.1,0.3,4,23.5,15.2,0.3,0.1,0.5,4.6,36.4,18.8
10/01/2020,13:00,0.1,0,-0.1,3.2,30.5,4.6,0.1,0.1,0.4,3.9,42.8,11.1,0.2,0.1,0.4,4.6,30,19.2
10/01/2020,14:00,0.1,0,-0.1,3.3,23.9,8.4,0.1,0.1,0.4,3.7,30.5,10.9,0.2,0.1,0.3,4.5,37.3,19.5
10/01/2020,15:00,0.1,0,0,3.5,28.9,13.2,0.1,0.1,0.4,4.1,25.8,18,0.2,0.1,0.4,4.5,35.1,19.6
10/01/2020,16:00,0.1,0,0,3.6,31.1,22.6,0,0.1,0.4,4,30.7,16.2,0.1,0.1,0.4,4.7,27.7,20.7
10/01/2020,17:00,0.1,0,-0.1,3.7,35.3,23.5,0,0,0.3,4.2,27.8,15.1,0.1,0.1,0.8,4.4,30.2,25.4
10/01/2020,18:00,0.1,0,0,3.9,29.2,16,0,0,0.3,4.4,28.6,17.8,0.2,0.1,0.8,4.4,27.3,26.8
10/01/2020,19:00,0.1,0,-0.1,4,26.6,16.1,0,0,0.3,4.7,31.9,15.9,0,0,0.7,4.4,35.5,23.3
10/01/2020,20:00,0.1,0,0,4,46.8,20.5,0,0,0.3,4.8,32.6,17.8,0,0,0.9,3.8,38.1,21
10/01/2020,21:00,0.1,0,0,3.5,55.1,27.1,0.1,0,0.8,3.4,55.8,24.7,0,0,2.1,2.2,38.4,18.7
10/01/2020,22:00,0.1,0,0.1,3.2,50,29.7,0.4,0,1.1,2.5,49.9,29.5,0.1,0,2.3,1.5,37.3,17.1
10/01/2020,23:00,0.2,0,0.1,3,49.3,30.6,0.4,0,0.9,2.4,48.1,28.1,0.2,0.1,2.5,0.7,49.9,18.3
10/01/2020,24:00,0.4,0,0.3,2.6,49.5,15.7,0.3,0,0.8,2.4,47.4,25.9,0.4,0.1,2.4,0.6,49.8,22.3
11/01/2020,01:00,0.3,0,0.3,2.5,45.7,24.9,0.2,0,0.9,2.1,52,24.8,0.4,0,1.3,1.8,41,26.8
11/01/2020,02:00,,,,,57.2,36.2,,,,,58.5,28.7,,,,,67.7,41.4
11/01/2020,03:00,0,0,0,2.6,86.4,36.6,0,0,0.1,2.8,71.2,24.8,0,0,0.2,2.9,83.3,42
11/01/2020,04:00,0,0,0,2.8,80.4,45.8,0,0,0.1,2.4,112.9,61.7,0,0,0.2,2.2,135.5,73.5
11/01/2020,05:00,0,0,-0.1,2.9,37.7,30.9,0,0,0,2.5,61.4,63.3,0,0,0,2.3,67.3,72
11/01/2020,06:00,0,0,-0.1,2.6,45.4,21.4,0,0,0.1,2.4,38.9,42.9,0,0,0.1,2.1,40.4,48.5
11/01/2020,07:00,0,0,-0.1,2.1,12.8,16.5,0,0,0.2,1.9,22.2,25.9,0,0,0,1.8,24.4,30.5
11/01/2020,08:00,0,0,0,1.9,44.9,6.4,0,0,0.2,1.7,37,19.2,0,0.1,0.2,1.4,34.6,23.6
11/01/2020,09:00,0,0,0,1.8,27.8,13.6,0,0.1,0.3,1.6,34.4,20.6,0,0.1,0.2,1.4,39.6,30.2
11/01/2020,10:00,0,0,0,1.8,36.5,26.2,0,0.1,0.3,1.5,35.4,26.6,0,0.2,0.2,1.4,38.8,38.4
11/01/2020,11:00,0,0,0,1.9,24.6,20.4,0,0.1,0.3,1.6,26.8,18.7,0,0.1,0,1.6,22.1,24.2
11/01/2020,12:00,0,0,0,1.9,25.9,14.4,0,0.2,0.3,1.6,23.9,10.8,0,0.1,-0.1,1.6,22.6,14.7
11/01/2020,13:00,0,0,0,2.2,45.9,9.7,0,0.1,0.2,2,38.9,16.9,0,0.1,-0.1,2,35.6,13.1
11/01/2020,14:00,0,0,0.1,2.5,51.3,28.7,0,0.1,0.1,2.5,52.8,32.3,0,0,0,2.5,72.9,31.4
11/01/2020,15:00,0,0,0,2.6,40.5,23.1,0,0,0.1,2.6,44.9,28.7,0,0,-0.1,2.5,52.6,40.6
11/01/2020,16:00,0,0,0,2.9,49.8,31.4,0,0,0.1,3.1,47.8,24.6,0,0,-0.1,3.1,61.8,37.1
11/01/2020,17:00,0,0,0,2.9,51,19.2,0,0,0.1,2.8,48.3,21.5,0,0,-0.1,2.8,49.9,37.2
11/01/2020,18:00,0,0,0,3,84.8,25.1,0,0,0.1,2.8,50.3,27.7,0,0,-0.1,2.6,46.4,30.1
11/01/2020,19:00,0,0,0,3,64.2,24.1,0,0,0.1,2.9,50.7,31.1,0,0,0,2.8,51.1,26.6
11/01/2020,20:00,0,0,-0.1,2.8,55.2,27.8,0,0,0.2,2.6,42.5,27.6,0,0,0,2.6,49.8,26.6
11/01/2020,21:00,0,0,-0.1,2.8,45.4,33.4,0,0,0,2.7,38.8,25,0,0,0,2.4,41.1,25.3
11/01/2020,22:00,0,0,-0.1,2.7,46.5,35,0,0,0.1,2.5,40,25.2,0,0,0,2.4,47.7,22.8
11/01/2020,23:00,0,0,-0.1,2.9,36.8,27.9,0,0,0,2.7,35.9,23.2,0,0,0,2.4,35.9,23.5
11/01/2020,24:00,0,0,-0.1,2.9,47.1,29.2,0,0,0,2.7,38.6,24.4,0,0,-0.2,2.5,37.3,21.6
12/01/2020,01:00,0,0,-0.1,2.8,36.9,28.3,0,0,0,2.7,40,19.6,0,0,-0.1,2.3,39,22.5
12/01/2020,02:00,,,,,87.7,31.6,,,,,60.9,26.4,,,,,52,31.5
12/01/2020,03:00,0,0,0,2.5,75.9,33.9,0,0,0.1,2.4,69,44.4,0,-0.1,0.1,2.4,75.1,43.2
12/01/2020,04:00,0,0,-0.1,2.4,67.5,41.3,0,0,0,2.4,66.1,44.1,0,0,0,2.3,74.9,51.3
12/01/2020,05:00,0,0,-0.2,2.3,45,32.5,0,0,0,2.3,47.4,39.9,0,0,0,2,62.9,52.2
12/01/2020,06:00,0,0,-0.2,2.2,45.5,0.5,0,0,0,2.1,34.5,27,0,0,0.2,1.7,32.3,32.2
12/01/2020,07:00,0,0,-0.1,2,53.9,21.7,0,0,0.1,2,44.6,19,0.1,0,0.4,1.5,41.2,22
12/01/2020,08:00,0,0,0,1.9,93.3,41.4,0,0,0.1,1.9,64.1,25.9,0,0,0.1,1.8,75.9,27.2
12/01/2020,09:00,0,-0.1,0,2,120.8,74.7,0,0,0.1,2,99.6,47,0,0,0.2,1.9,110.6,48.6
12/01/2020,10:00,0,-0.1,0,2.2,139.1,96.5,0,0,0.2,2.2,111.2,71.6,0,0,0.3,1.8,147.5,81.2
12/01/2020,11:00,0,-0.1,0.2,1.7,131.5,113,0,0.1,0.8,1.4,133,90.7,0,0.2,0.6,1.2,142.8,103.7
12/01/2020,12:00,0,-0.1,0.2,1.5,129.1,102,0,0.1,0.5,1.2,115.8,91.8,0,0.2,0.5,1.2,115.8,106.9
12/01/2020,13:00,0,-0.1,0.2,1.4,85,83.8,0,0.1,0.6,1.1,95.2,90.5,0,0,0.4,1.4,89,100
12/01/2020,14:00,0,-0.1,0,1.8,27.2,58,0,0,0.6,1.3,44.1,78,0,0,0.3,1.5,70.9,77.5
12/01/2020,15:00,0,0,0,2,70.3,52.8,0,0.1,0.7,1.3,64.9,58.3,0,0,0.3,1.7,67,60.1
12/01/2020,16:00,0,0,0,2.2,44,46.1,0,0,0.4,1.8,46,52,0,0,0.3,1.8,74.7,57.1
12/01/2020,17:00,0,0,-0.1,2.2,20.2,28.2,0,0.1,0.5,1.7,22.1,30.4,0,0,0.2,1.9,46.5,51.7
12/01/2020,18:00,0,0,-0.1,2.1,16.4,11.3,0.1,0,0.4,1.8,14.2,16.5,0,0,0.3,1.7,20.8,34.1
12/01/2020,19:00,0,0,-0.1,2.2,27.9,5.2,0,0,0.3,1.8,26.6,13.7,0,0,0.2,1.9,25.1,23.2
12/01/2020,20:00,0,0,0.1,2,35.2,14.1,0,0,0.6,1.3,24.7,12.1,0,0,0.4,1.6,27.1,22.8
12/01/2020,21:00,0,0,0,2.3,29.9,18.4,0,0,1.1,0.6,26.6,14.8,0,0,0.5,1.5,29.4,23.3
12/01/2020,22:00,0,0,-0.1,2.7,42.3,19.4,0,0,0.9,0.7,26.2,29,0,0,0.6,1.4,34.3,23.1
12/01/2020,23:00,0,0,-0.1,2.8,46.9,38.4,0,0,0.7,1.1,22.7,22.5,0,0,0.5,1,33.9,27.3
12/01/2020,24:00,0,0,-0.1,3,50,44.6,0,0.1,1.2,0.5,35.4,21.8,0,0,0.5,0.9,33.6,22.5
13/01/2020,01:00,0,0,-0.1,3.4,56.1,41.7,0,0.1,1.3,0.2,28.2,24.8,0,0,0.5,0.9,29.8,22.4
13/01/2020,02:00,,,,,75,34.5,,,,,26.9,25.6,,,,,31.7,29.6
13/01/2020,03:00,0,0,-0.1,3.3,69.9,45,0,0,0.8,0.4,31.6,24.1,0,0.4,0.9,0.5,38.6,33.6
13/01/2020,04:00,0,0.2,0.9,0.9,64.6,41.3,0,0.6,1.2,0.2,34.5,24.4,0,0.7,0.9,0.2,39.7,32.6
13/01/2020,05:00,0,0.6,1,0.1,38.4,44.3,0,0.6,1.2,0.1,36.5,26.1,0,1.4,1.1,0.2,48.5,34
13/01/2020,06:00,0.1,2.3,1.1,0.2,48.4,37.4,0,1.2,1.3,0.2,38.6,26.1,0.1,2.7,1.8,0.1,63.1,35.3
13/01/2020,07:00,0.1,4.2,1.5,0.2,50.7,53.3,0,2,1.3,0.2,46.4,33.5,0.1,3.1,2,0.2,74,45.2
13/01/2020,08:00,0.1,5.4,2,0.3,55.9,40.3,0.1,3.2,1.9,0.3,50.5,46.4,0.1,2.6,2,0.4,91,55.4
13/01/2020,09:00,0.1,1.3,0.7,1.5,6.3,31.5,0.1,2.9,2,0.7,60.4,42.8,0.1,2,1.8,1,89.7,63.7
13/01/2020,10:00,0,0,-0.2,2.1,17,5,0,0.7,0.6,1.6,9.1,35.5,0.1,1.1,1.3,1.4,34.1,56.4
13/01/2020,11:00,0,0,-0.2,2.1,28,4.8,0,0.3,0.3,1.9,24.6,12.7,0,0.5,0.6,1.7,20.3,32
13/01/2020,12:00,0,0,-0.2,2.1,9.9,9.5,0,0.3,0.2,1.8,7.1,7.1,0,0.3,0.3,2.1,14.5,13.4
13/01/2020,13:00,0,0,-0.2,2,14.1,9.1,0,0.3,0.2,1.8,13.2,4,0,0.2,0.3,2.1,16.4,12.6
13/01/2020,14:00,0,,,2,15.8,-1.3,0,0.2,0.1,1.9,14.1,0.4,0,0.2,0.2,2.2,6,12.4
13/01/2020,15:00,0,,,2,11,1.4,0,0.3,0.2,1.7,13.3,1.7,0,0.2,0.2,2.2,23.4,11.1
13/01/2020,16:00,0,,,1.9,25.9,-0.4,0,0.6,0.4,1.5,18.2,3.8,0,0.2,0.1,2,11.4,9.5
13/01/2020,17:00,0,,,1.8,22.5,4.5,0,0.5,0.4,1.4,27.6,8.7,0,0.2,0.2,1.7,35.3,6.2
13/01/2020,18:00,0,,,1.7,23.2,2.6,0,0.4,0.4,1.3,23.2,6.2,0,0.1,0.1,1.5,26.9,5.4
13/01/2020,19:00,0,,,1.7,12.2,-5.9,0,0,0.1,1.6,13.5,8.1,0,0.1,0.1,1.4,16,6.6
13/01/2020,20:00,0,,,1.7,25.4,10.8,0,0,0,1.6,12.4,6.2,0,0.1,0.1,1.3,12.9,1.8
13/01/2020,21:00,0,0,-0.2,1.7,31.5,18.4,0,0,0.1,1.7,20.7,-0.1,0,0.1,0.3,1.2,17.8,1.3
13/01/2020,22:00,0,,,1.8,26.9,17.8,0,0,0.1,1.5,18.6,-6.5,0,0,0.4,1,17,4.5
13/01/2020,23:00,0,0,0,1.5,21.5,2.1,0,0,0.1,1.5,17.2,1.6,0,0,0.8,0.6,15.1,3
13/01/2020,24:00,0,0,0,1.4,25,1.7,0,0,0.3,1.2,15.2,5,0,1.6,1.4,0.1,20.2,6.8
14/01/2020,01:00,0,0,-0.1,1.5,16.4,7.6,0,0,0.3,1.1,15.3,6.2,0,1.4,1.2,0.1,16.5,3.5
14/01/2020,02:00,,,,,13.5,6.8,,,,,9.3,3.6,,,,,30.1,11.4
14/01/2020,03:00,0,0,0,0.8,14.9,2.9,0,0.2,0.8,0.3,13,5.9,0,0.7,1,0.4,8.4,12.6
14/01/2020,04:00,0.1,0.5,0.7,0.3,19,11.1,0,0.7,1,0.2,7.8,3.7,0,2.1,1.3,0.1,22.6,4.8
14/01/2020,05:00,0.1,1,1,0.2,23.4,12.3,0,0.6,1.1,0.2,13.8,1.7,0,2.7,1.4,0.1,25.6,8.5
14/01/2020,06:00,0.1,1.6,1,0.2,20,2.4,0,1.2,0.9,0.2,21.2,2.6,0.1,5,1.3,0.1,22.9,7.4
14/01/2020,07:00,0.1,2.5,1.3,0.4,27.7,12.7,0.1,2.3,1.1,0.3,22,3.9,0.1,5.1,1.7,0.3,39.1,6.6
14/01/2020,08:00,0.1,0.6,0.6,1.3,35.1,12.2,0.1,2.1,1.3,0.6,42.6,3.4,0,1,1,0.8,32.4,9
14/01/2020,09:00,0.1,0.1,0,1.9,30.1,12.1,0.1,1.2,1.1,1,25,8.1,0,0.6,0.8,1.2,18.9,4
14/01/2020,10:00,0.1,0.1,0,2.1,29.1,7,0,0.5,0.6,1.8,23.9,11.2,0,0.3,0.4,2,18.8,6
14/01/2020,11:00,0.1,0.2,-0.2,2.3,21.8,6.2,0,0.6,0.6,2,24.9,7.8,0.1,0.4,0.7,2.1,38.4,9
14/01/2020,12:00,0.1,0,-0.2,2.3,16.4,-2.8,0,0.4,0.5,2.1,22.6,7.9,0,0.2,0.3,2.7,27.9,13.2
14/01/2020,13:00,0,0,-0.2,2.3,50,7.4,0,0.7,0.7,1.8,17.5,1.4,0,0.1,0.2,2.6,23,10.4
14/01/2020,14:00,0,0,-0.2,2.3,59.9,8.9,0,0.2,0.2,2.5,14.1,0.5,0,0.1,0.2,2.5,17.4,9.8
14/01/2020,15:00,0.1,,,2.1,14.3,-3.1,0,0.6,0.7,1.6,22.1,2.7,0,0.1,0.3,2.3,15.2,15.5
14/01/2020,16:00,0.1,0,-0.2,2.2,14.6,-1.4,0,0.4,0.5,1.7,15.1,4.8,0,0.2,0.3,1.9,21.5,12.2
14/01/2020,17:00,0.1,,,2,13.7,2.7,0,0.3,0.4,1.7,13,4.5,0,0.1,0.3,2,11.1,8.7
14/01/2020,18:00,0,,,1.7,6.6,6.5,0,0.8,0.8,0.9,9.1,4.7,0,0.1,0.4,1.5,17,9.3
14/01/2020,19:00,0,,,1.7,14.9,5.3,0,0.8,0.9,0.7,10.6,3.4,0,0.1,0.5,1.1,6.6,8.2
14/01/2020,20:00,0.1,,,1.7,16.8,8.9,0,0,0.6,1,14.6,5.9,0,0,0.5,1,11.2,3.1
14/01/2020,21:00,0,,,1.8,13.4,6.3,0,0.1,0.9,0.8,10.8,6,0,0.1,0.8,0.7,15,3.2
14/01/2020,22:00,0,,,1.7,13.5,10.6,0,0,0.6,1.2,7.3,-0.4,0,0.1,0.9,0.6,9.1,3
14/01/2020,23:00,0,0,-0.2,1.3,11.4,-5.4,0,0,0.6,1.2,8.7,1.5,0,0.2,1.2,0.3,9.6,5.1
14/01/2020,24:00,0,0,0,1,11.7,-0.7,0,0.1,0.8,0.9,9,4.5,0,0.8,1.4,0.1,12.4,4.7
15/01/2020,01:00,0.1,0,0.1,0.7,20.4,7,0,0.3,1.2,0.3,10,3.6,0,1.9,1.4,0.1,11,10.5
15/01/2020,02:00,,,,,12.7,9.4,,,,,13.1,6,,,,,15.4,12.1
15/01/2020,03:00,0,0,0.3,0.5,12.8,10.3,0,0.2,0.9,0.2,8.9,4.7,0,1.9,0.9,0.3,10.5,10
15/01/2020,04:00,0,0.3,0.6,0.2,7.8,11.9,0,0.7,0.9,0.2,10.1,3.5,0,2.8,1.1,0.1,16.2,8.5
15/01/2020,05:00,0.1,1.3,0.6,0.2,11.9,1.1,0,1.5,0.9,0.2,9.2,12.5,0,2.8,0.7,0.1,16.4,5.9
15/01/2020,06:00,0.1,2.6,0.7,0.2,29.6,-6.9,0.1,2.5,0.9,0.2,19.2,13.7,0.1,4.1,0.7,0.1,22.1,9.8
15/01/2020,07:00,0.1,3.2,1.1,0.3,34.4,5.1,0.1,3.8,1.1,0.2,24.3,5.9,0.1,3.6,1,0.2,53.5,5.8
15/01/2020,08:00,0.1,2,1.3,0.8,-0.7,11.8,0.1,4.9,1.6,0.3,20.3,6.1,0.1,2.2,1.2,0.4,19.4,10.7
15/01/2020,09:00,0.1,0.5,0.6,1.5,21.7,6.3,0,1.2,0.9,1.1,0.9,7.8,0,0.7,0.8,1.1,1.6,7.3
15/01/2020,10:00,0.1,0.2,0.2,1.9,28.9,6.7,0,0.3,0.5,1.9,6.9,4.9,0,1.2,1.3,1.1,10.5,6.6
15/01/2020,11:00,0.1,0.2,0.1,2.2,29.7,5.9,0,0.6,0.8,1.8,26.5,4,0,0.5,0.8,1.9,18.2,5.7
15/01/2020,12:00,0.1,0.1,0,2.5,13.8,7.6,0.1,0.9,1.1,1.7,24.5,5.2,0.1,0.3,0.7,2.3,25.8,6.3
15/01/2020,13:00,0.1,0,-0.1,2.5,6.8,3.8,0.2,0.6,0.8,2,22.1,12,0.1,0.3,0.6,2.6,32.4,7.4
15/01/2020,14:00,0,0,-0.2,2.7,15.3,8,0.1,0.6,0.9,1.8,18,10.8,0.2,0.2,0.4,2.4,18.2,8.3
15/01/2020,15:00,0.1,0,-0.2,2.8,29.1,4.8,0,0.2,0.5,2.2,20.1,10.9,0.1,0.2,0.4,2.3,21.6,10.3
15/01/2020,16:00,0.1,0,-0.2,2.8,24.4,-1,0,0.1,0.3,2.2,23.9,6.3,0,0.1,0.2,2.3,23.5,8
15/01/2020,17:00,0.1,0.1,-0.1,2.7,34.7,3.1,0,0.2,0.4,2.1,23.8,1.8,0,0.1,0.2,2.2,21.5,12.1
15/01/2020,18:00,0.1,0,-0.1,2.6,28.6,6.3,0,0.1,0.3,2.1,25.4,3.6,0,0.1,0.3,2,27.2,13
15/01/2020,19:00,0.1,0,-0.1,2.4,17.9,3.8,0,0,0.2,2.2,16.8,3.4,0,0.1,0.3,1.9,21.5,5.2
15/01/2020,20:00,0.1,0,-0.1,2.1,20.8,5.5,0,0,0.1,1.8,15.1,1.8,0,0.4,0.6,1.3,14.9,5.4
15/01/2020,21:00,0.1,0,0,1.5,17.8,5.2,0,0,0.1,1.5,15.2,6,0,0,0.2,1.2,11.7,2.9
15/01/2020,22:00,0.1,0,-0.1,1.4,14.3,19,0,0,0.1,1.3,12.6,10.1,0,0,0.5,0.7,11.3,5.7
15/01/2020,23:00,0.1,0,-0.2,1.5,16.8,6,0,0,0.1,1.2,12.7,7.3,0,0.6,1.1,0.2,11.3,2.4
15/01/2020,24:00,0.1,0,-0.2,1.5,15.4,-1.6,0,0,0.1,1,13,5,0,0.2,0.8,0.3,8.5,3.6
16/01/2020,01:00,0.1,0,-0.2,1.4,15.2,2.9,0,0,0.3,0.8,13.5,2.4,0,0.6,0.9,0.2,13.2,2.4
16/01/2020,02:00,,,,,18.1,6.6,,,,,17.2,4.9,,,,,14.6,6.3
16/01/2020,03:00,0,0,-0.1,1.7,21.4,7.5,0,0,0.2,1.1,23.5,4.4,0,0.4,0.7,0.4,14.1,6.4
16/01/2020,04:00,0,0,-0.1,1.6,5.8,-0.9,0,0,0.2,0.9,17.3,4.3,0,0.8,0.9,0.2,21.7,5.5
16/01/2020,05:00,0,0,0.1,1.1,18.1,1.1,0,0.2,0.6,0.4,18.5,7.3,0,1.2,0.9,0.2,21.2,5.1
16/01/2020,06:00,0.1,0.4,0.5,0.8,38.4,17.9,0,1.1,0.9,0.2,25.1,-0.8,0,2.1,1,0.2,20.9,7.8
16/01/2020,07:00,0.1,0.4,1.1,1.4,,15.3,0,0.4,1,1.3,6.3,2.3,0,0.4,1.6,1.3,22.4,15.2
16/01/2020,08:00,0.1,0,1.6,2.6,53.1,31.8,0,0.1,1.4,2.6,42.1,19.4,0,1.2,3.2,0.7,53.8,25.4
16/01/2020,09:00,0.1,1.3,3.2,1.3,73.4,35.6,0,0.4,2.1,1.5,49.8,24.6,0,1.2,2.6,1,38.7,33.5
16/01/2020,10:00,0.1,1.6,3.4,1,33.7,31.1,0,0.3,2,1.6,20.5,24.8,0,0.3,2.3,1.6,23.3,38.9
16/01/2020,11:00,0.1,1.1,3.1,0.9,38.8,28.3,0,0.2,1.5,1.8,35.6,24.2,0,0.5,2.3,1.6,40.6,32
16/01/2020,12:00,0.1,0.6,2.4,1.7,31.6,31,0,0.3,2,1.6,32.2,24.4,0,0.4,1.8,1.7,39.9,28.8
16/01/2020,13:00,0.1,0.6,2.4,1.9,42.2,25.4,0,0.5,2.1,1.9,34.7,26.5,0,0.7,2.1,1.7,45.6,28.2
16/01/2020,14:00,0.1,0.3,1.8,3,64.6,25.2,0,1,2.6,1.6,37.1,18,0,0.6,2,2.3,44.8,28.3
16/01/2020,15:00,0.1,0.1,0.7,5.9,52.2,32,0,1.1,2.3,3,41.6,25.4,0,0.3,1.4,3.5,10.6,29.2
16/01/2020,16:00,0.1,0,0.4,6.7,43.6,31.3,0.1,1.7,3,3,37.7,26,0,0.1,0.7,4.4,35.7,24.2
16/01/2020,17:00,0.1,-0.1,0.3,6.3,54.3,34.4,0.1,0.1,1,5.2,35.3,31.6,0.1,0.1,1,4.8,40.4,18.9
16/01/2020,18:00,0.1,0,0.2,5.5,18.4,34.8,0.1,0.1,1.2,5,28.5,31.3,0,0,0.6,4.5,14.7,23.7
16/01/2020,19:00,0,0,0,5,59,23.9,0,0,0.7,4.6,23.4,21,0,0,0.6,3.3,25.8,23.4
16/01/2020,20:00,0.1,0,0.5,4.3,41.8,24.9,0,0,1.1,3.8,47.7,19.6,0,0.1,1.8,1.4,27.2,14.8
16/01/2020,21:00,0.1,0,1.4,3,40.9,22.4,0,0,0.6,3.3,26.5,34.9,0,0,1,2.6,15.9,16.4
16/01/2020,22:00,0.1,0,1.5,2.4,28.6,31.2,0,0,0.8,2.4,23.1,25.8,0,0,1.3,1.8,22.6,17.6
16/01/2020,23:00,0.1,0.1,2.7,1.1,34.6,39.4,0,0,0.9,2,23.7,14.6,0,0,1,2.1,22.8,18
16/01/2020,24:00,0.1,0,1.7,1.5,37.7,33.6,0,0,0.8,1.9,25,15.8,0,0,0.9,1.7,24.5,21.5
17/01/2020,01:00,0.1,0,0.3,3.9,106.5,32.4,0,0,0.7,2.2,49,16.1,0,0,1.2,1.7,43.4,19.8
17/01/2020,02:00,,,,,73.7,55.9,,,,,77.5,41.7,,,,,86.7,38
17/01/2020,03:00,0,0,-0.1,4.2,44.1,41.5,0,0,0,4.4,34,57.1,0,0,0.2,4.1,41.6,49.7
17/01/2020,04:00,0,0,-0.2,4.1,45,29.2,0,0,0,4.1,44,46.5,0,0.1,0.2,3.6,46.2,37.1
17/01/2020,05:00,0,0,-0.1,3.9,31.8,15.9,0,0,0,3.6,20.8,24.1,0,0.1,0.3,2.8,25.3,30
17/01/2020,06:00,0,0,0.2,3.9,23.5,0.6,0,0,0.4,3,23.7,17.6,0,0.3,0.8,2.1,19.4,21.4
17/01/2020,07:00,0.1,0,0.7,2.6,-2.9,16.7,0,0,0.5,2.5,-2.2,3.7,0,0.4,0.9,1.7,2,15.1
17/01/2020,08:00,0.1,0.1,0.4,2.2,15.2,5.4,0,0,0.6,2,5,4,0,0.5,1.1,1.5,6.6,10.5
17/01/2020,09:00,0,0,0.2,2.3,35.7,8.2,0,0,0.8,1.9,14.8,7.5,0,0.6,1.1,1.3,11.2,1.9
17/01/2020,10:00,0,0.1,0.6,1.7,79.1,36.2,0,0.1,0.9,1.6,38.6,14.3,0,0.6,1.3,1.2,32,10.6
17/01/2020,11:00,0,0.1,0.2,1.9,140.5,80.6,0,0.2,0.7,1.7,102.1,46,0,0.8,1.1,1.4,84.8,35.6
17/01/2020,12:00,0,0.1,0.4,2,101.9,110.7,0,0.2,0.7,2,96.8,80.8,0,0.7,1.2,1.5,96.3,69
17/01/2020,13:00,0,0,0.1,2.4,92.9,95.2,0,0.1,0.5,2.3,78.8,73.2,0,0.6,1.1,1.7,87,73.6
17/01/2020,14:00,0,0,0.1,2.7,87.4,96.5,0,0.1,0.5,2.6,77.4,62.2,0,0.4,0.9,2.1,77.8,68.8
17/01/2020,15:00,0,0,0.1,2.9,78.4,64.5,0,0.1,0.5,2.8,72.7,66.3,0,0.2,0.5,2.8,68.1,63.3
17/01/2020,16:00,0,0,0,2.9,55.1,39.2,0,0,0.2,3.1,54.1,57,0,0.2,0.5,2.7,66.7,56.2
17/01/2020,17:00,0,-0.1,0,3.1,43.6,45.8,0,0,0.3,3,42.7,44.9,0,0.3,0.5,2.7,52.5,51.8
17/01/2020,18:00,0,0,0,2.9,21.7,40.1,0,0,0.2,2.9,32.7,35.2,0,0.2,0.5,2.7,49.2,46.6
17/01/2020,19:00,0,0,0,2.8,31.5,23.1,0,0,0.2,2.7,31.6,23.7,0,0.1,0.3,2.7,45.6,41
17/01/2020,20:00,0,0,0,2.6,18.5,17.2,0,0,0.3,2.3,18.7,17.7,0,0.1,0.4,2.2,38.6,34
17/01/2020,21:00,0,0,-0.1,2.7,26.1,17.1,0,0,0.3,2.4,21.9,11.7,0,0.1,0.4,2,33.2,28
17/01/2020,22:00,0,0,0,2.5,28,21.3,0,0,0.3,2.5,27.3,17,0.1,0.1,0.6,1.9,30.7,20.7
17/01/2020,23:00,0,0,0.1,2.8,26.5,21,0,0,0.1,2.7,24.8,19,0.1,0.1,0.4,2.2,29.1,18.3
17/01/2020,24:00,0,0,0.1,2.9,33.3,28.4,0,0,0.3,2.6,20.4,17.9,0.1,0.1,0.6,1.7,24.8,19.2
18/01/2020,01:00,0,0,0.1,3.2,35.7,24.5,0,0,0.5,1.6,21.9,20.2,0,0.1,0.4,1.9,33.6,18.6
18/01/2020,02:00,,,,,21.1,23.3,,,,,33.4,18.8,,,,,22.8,18.1
18/01/2020,03:00,0.1,0,0.3,2.6,35.6,11,0,0,0,2.8,17.8,15.1,0,0.1,0.2,2.7,22.3,14.8
18/01/2020,04:00,0.1,0,0,2.9,33.7,4.6,0,0,-0.1,3,25.5,13.6,0,0.1,0.2,2.6,24.5,16.4
18/01/2020,05:00,0,0,0,2.9,38.3,8.3,0,0,0,3,28.5,22.3,0,0.1,0.4,2.3,25.7,19.2
18/01/2020,06:00,0,0,-0.1,2.9,35.5,26,0,0,0.1,2.8,29.9,25.5,0,0.1,0.3,2.3,28.9,20
18/01/2020,07:00,0,0,-0.1,3,33,31.8,0,0,0.2,2.8,27.1,22.9,0,0.1,0.4,2.3,28.6,18.8
18/01/2020,08:00,0,0.1,0,2.8,27.7,18.9,0,0,0.1,2.8,22.2,17.5,0,0.1,0.3,2.4,19.8,17.8
18/01/2020,09:00,0,0,0,2.8,26.3,20.8,0,0,0.1,2.8,17.7,16.6,0,0.1,0.3,2.4,16.5,15.8
18/01/2020,10:00,0,0,0,2.9,19.5,18.5,0,0.1,0.2,2.8,17.9,12.1,0,0.1,0.3,2.5,21.7,17
18/01/2020,11:00,0,0.1,0.1,2.8,27.9,10.8,0,0.1,0.2,2.8,24.3,13,0,0.2,0.4,2.6,21.5,15.9
18/01/2020,12:00,0.1,0.2,0.3,2.8,25,6,0,0.1,0.2,3,27.1,12.6,0,0.2,0.3,3,23.7,18.6
18/01/2020,13:00,0.1,0.2,0.3,2.8,23.2,-0.2,0,0.1,0.3,3.3,20.1,25.1,0,0.1,0.4,3.1,28.3,20.5
18/01/2020,14:00,0.1,0.2,0.3,3,26,8.7,0,0.1,0.3,3.3,30.1,27.6,0,0.1,0.2,3.2,22.9,19.4
18/01/2020,15:00,0.1,0.1,0.2,3.1,27.2,13.1,0,0.1,0.3,3.4,10.7,25.2,0,0.1,0.1,3.2,19.2,22.4
18/01/2020,16:00,0.1,0.1,0.1,3,23.8,21,0,0,0.1,3.3,17.2,17.6,0,0.1,0,3,14.9,17.5
18/01/2020,17:00,0.1,0.1,0.1,2.8,22.8,13.4,0,0,0.2,2.8,15.6,15,0,0.1,0.1,2.7,13.5,10.9
18/01/2020,18:00,0.1,0,0.1,2.7,26.9,13.9,0.1,0,0.4,2.5,19.8,7.9,0,0.1,0.2,2.4,20.2,9.8
18/01/2020,19:00,0.2,0.1,0.9,1.7,19.8,18.1,0,0,0.3,2.4,17.3,9.7,0,0,0.3,2.1,21.2,8.8
18/01/2020,20:00,0.4,0.1,1,1.5,15.3,17.8,0,0.1,0.6,1.8,19.9,12.2,0,0,0.4,1.9,8.4,10.8
18/01/2020,21:00,0.2,0,0.6,1.9,9.1,9.7,0,0,0.7,1.4,17.9,6.1,0,0,0.4,1.5,18.6,12.5
18/01/2020,22:00,0.1,0,0.5,2,21,16,0,0,0.7,1.4,15.4,5.9,0,0,0.5,1.5,10.8,12.3
18/01/2020,23:00,0.1,0,0.9,1.2,15.7,8.1,0,0,0.7,1.3,11.1,6.5,0,0.1,0.8,0.7,21.8,8.7
18/01/2020,24:00,0.1,0,1,0.8,14.2,11.2,0,0,0.9,0.9,13.5,9.3,0,0.1,0.9,0.7,11.8,6
19/01/2020,01:00,0,0.1,1.4,0.4,15.7,3.6,0,0.1,1.2,0.5,13.3,9.7,0,0,0.8,0.8,11.1,5.6
19/01/2020,02:00,,,,,12.8,4.8,,,,,9.3,7.5,,,,,11.2,8.3
19/01/2020,03:00,0,0,0.8,0.8,12.6,15.6,0,0.1,0.8,0.6,16,6.4,0,0.1,0.6,0.8,13.3,9.5
19/01/2020,04:00,0,0,0.7,0.9,13.4,16.9,0,0.1,0.8,0.6,11.8,10,0,0.1,0.5,0.5,14.2,8.2
19/01/2020,05:00,0,0,0.7,0.9,9.6,13.2,0,0.1,1,0.6,10.6,12,0,0,0.7,0.7,13.8,11.4
19/01/2020,06:00,0,0.1,0.8,0.8,16.4,8.6,0,0.1,0.9,0.6,16.4,10.2,0,0.1,0.8,0.5,14.7,9.7
19/01/2020,07:00,0.1,0.7,1.3,0.6,20.9,2.9,0,0.2,0.7,0.7,20.3,10.1,0,0.2,0.6,0.8,18.9,7.6
19/01/2020,08:00,0.2,0.7,1.1,0.9,14.6,18,0,0.3,0.7,1,14.8,7,0,0.2,0.5,1,9.5,10.9
19/01/2020,09:00,0.2,0.3,0.7,1.8,18.9,15.5,0.1,0.3,0.5,1.4,8.8,9.3,0,0.3,0.3,1.4,12.8,12.9
19/01/2020,10:00,0.1,0,0,2.7,19.3,7.9,0.1,0.4,0.8,1.9,13.3,9,0,0.2,0.2,2,16.5,10.1
19/01/2020,11:00,0,0,0,2.9,19.3,-4.3,0.1,0.4,0.8,2.4,13.5,6.6,0,0,0.2,2.5,14.4,8.1
19/01/2020,12:00,0,0,0,3,21.1,-5.7,0.1,0.5,0.9,2.5,15.6,8,0,0.1,0.3,2.6,19.5,8.9
19/01/2020,13:00,0,0,-0.1,3,19.6,12.2,0.1,0.4,0.6,2.8,16.6,0.2,0,0.1,0.2,2.5,14.2,6.6
19/01/2020,14:00,0,0,-0.1,2.9,12.3,20.2,0.1,0.2,0.3,3.1,10.7,-8.5,0,0.1,0.2,2.5,9.6,6.1
19/01/2020,15:00,0,0,-0.2,2.9,10.5,9.4,0,0.1,0.2,3,7.2,,0,0,0.1,2.9,-7.4,4.5
19/01/2020,16:00,0,0,-0.1,2.9,17.1,-3.4,0,0,0.1,3,0.9,-3.8,0,0.1,0,2.8,7.3,4.1
19/01/2020,17:00,0,0,-0.1,2.6,12.2,-4.2,0,0.1,0.2,2.8,21.1,2,0,0,0,2.9,8.9,2.8
19/01/2020,18:00,0,0,0,2.3,10.9,-0.1,0,0,0.2,2.2,11.5,2.3,0,0,0,2.5,16.7,5
19/01/2020,19:00,0,0,0,2.2,15.6,-3.1,0,0,0.2,1.9,9.4,3.5,0,0,0.2,1.8,15,4.5
19/01/2020,20:00,0,0,0,2,8.2,3.8,0,0,0.7,1.4,15.3,0.6,0,0,0.8,1.1,10.5,6
19/01/2020,21:00,0.1,0.3,1,0.9,17.7,14.7,0,0,0.5,1.4,8.7,1.2,0,0.1,1.4,0.5,11.5,5
19/01/2020,22:00,0.1,0.7,1.7,0.3,16.3,14.7,0,0,0.8,0.9,7.6,1.4,0.1,0.5,1.6,0.2,18.3,4.2
19/01/2020,23:00,0.1,0.3,1.4,0.4,6.3,2,0,0.3,1.6,0.2,7.8,2.2,0,0.2,1.2,0.5,12.3,4.9
19/01/2020,24:00,0.1,0.2,1.2,0.4,8.5,6.8,0.1,0.8,1.6,0.2,10.9,1.3,0,0.1,0.5,0.9,2.5,4.7
20/01/2020,01:00,0,0.2,1,0.3,2.9,14.8,0.1,0.5,1.3,0.2,10.3,3.9,0,0.1,0.6,0.4,6.7,1.5
20/01/2020,02:00,,,,,15.5,7.2,,,,,8.3,4,,,,,15,3.2
20/01/2020,03:00,0,0.2,1,0.3,14.4,10.4,0,0,0.8,0.7,5.2,2.5,0,0.5,1.1,0.6,10.5,6.7
20/01/2020,04:00,0.1,0,0.9,0.5,6.8,12.6,0,0.1,1.2,0.5,4.8,3.5,0,0.7,1,0.3,4.3,7.3
20/01/2020,05:00,0.1,0.2,0.7,0.3,12.8,9,0,0.3,1.2,0.3,10.2,5.1,0.1,3.9,1.6,0.2,19.4,8.8
20/01/2020,06:00,0.1,0.7,0.6,0.3,27.9,-7.3,0,2.6,1.6,0.2,22.4,6.3,0.1,4.1,1.2,0.2,22.8,7.6
20/01/2020,07:00,0.1,0.9,0.7,0.6,56.9,4.6,0,2.6,1.6,0.5,14.4,5,0.1,3.3,1.2,0.3,34.2,7.1
20/01/2020,08:00,0.1,0.2,0.3,1.8,-0.8,14.4,0,1.3,1.3,1.2,17.9,8.1,0.1,1.8,1.5,0.7,26.9,10.1
20/01/2020,09:00,0.1,0,0.1,2.9,8.2,8.7,0,0.6,0.9,2,15.1,4.2,0,0.9,1.2,1.2,27,10.8
20/01/2020,10:00,0.1,0.1,0,3.2,15.7,9.8,0.3,1,1.1,2,8.5,5,0.3,0.6,0.8,2.2,4.1,7.9
20/01/2020,11:00,0,0,-0.1,2.7,8.7,3.3,0.9,1.8,1.6,1.2,15.3,6.2,0.6,0.5,0.7,2.5,12.8,8.3
20/01/2020,12:00,0.1,0,-0.1,2.9,24,-2.3,0.3,1.4,1.3,1.6,26.2,5.7,0.9,0.7,0.9,2.2,12.5,6.9
20/01/2020,13:00,0.1,0.1,-0.1,2.9,21,5.3,0,0.5,0.8,2.3,14.5,-4.7,0.3,0.2,0.5,3.5,23.6,5.3
20/01/2020,14:00,0.1,0,-0.1,2.9,24.6,-4.3,0,0.5,0.8,2.1,19.1,,0.1,0.2,0.6,2.7,14.3,9
20/01/2020,15:00,0.1,0,0,3.6,15,4.9,0,0.2,0.3,2.9,24.9,-7.4,0.1,0.2,0.6,2.9,24.6,2.7
20/01/2020,16:00,0.1,0,-0.1,3.9,24.7,7.2,0,0.5,1,2.4,10.3,1.2,0,0.1,0.5,3.1,8,4.3
20/01/2020,17:00,0.1,0,0.3,3.6,,2.7,0,0.1,0.6,3.5,,6.8,0,0.1,0.7,4,,7.6
20/01/2020,18:00,0.1,0,0.5,4.3,-7,9.4,0,0,0.9,4.3,-0.6,14.5,0,0.1,0.5,4,13.3,9.7
20/01/2020,19:00,0.1,0,0.2,4.5,61.4,9.5,0.1,0,1.7,3.2,33.9,8.5,0.1,0,0.7,3.4,19.7,7.7
20/01/2020,20:00,0.1,0,0.2,4.2,41,10,0.1,0,1.6,2.9,24.1,8.1,0,0,0.7,3.1,17.9,6.8
20/01/2020,21:00,0,0,0.2,3.8,37,15.6,0.1,0,2.5,1.7,34.9,10.4,0,0.2,1.9,1.6,26.9,8.4
20/01/2020,22:00,0,0,0.5,2.6,26.9,16.5,0,0,1.6,2.5,29.3,8.5,0,0.1,2.4,1,27.7,9.1
20/01/2020,23:00,0,0,1,1.2,17,16.6,0,0,1.4,2,23,4.8,0,0.8,3,0.3,30.2,5.7
20/01/2020,24:00,0,0.1,1.1,0.7,13.3,18.9,0,0,1,2.2,17.6,9.7,0,1.5,2.7,0.2,23.9,9.8
21/01/2020,01:00,0,0.2,1.3,0.3,14.4,11.7,0,0,1.3,1.6,18.4,12.7,0.1,0.7,2.6,0.2,20.7,7.3
21/01/2020,02:00,,,,,14.8,10.2,,,,,23.3,14.5,,,,,25.4,4.9
21/01/2020,03:00,0,0.3,1.5,0.3,15.5,-3.9,0,0,1.2,1.2,18.1,9.8,0.1,3,2.2,0.3,25.6,11
21/01/2020,04:00,0,0.2,1.5,0.6,18.7,2.9,0,0,0.9,1.7,21,8,0.1,6.6,2.8,0.2,30.6,14.2
21/01/2020,05:00,0,0.3,1.4,0.3,18.6,15.3,0,0,0.8,1.8,25,9.8,0.1,6.2,2.6,0.2,34.4,15.7
21/01/2020,06:00,0,0.5,1.4,0.4,42.6,19.3,0,0.2,1.2,1.6,30.1,17.1,0.1,4.5,2.7,0.3,56.3,15.8
21/01/2020,07:00,0,0.9,2,1.2,10.2,13.2,0.1,1.3,2.2,0.9,38.8,13,0.1,2.4,2.4,0.7,30.5,13.2
21/01/2020,08:00,0,0.8,1.7,2,37.1,20.2,0,0.4,1,2.6,33.3,11.8,0.1,1.7,2.1,1.5,39.7,14.9
21/01/2020,09:00,0.1,0.5,1.3,2.8,43.2,13.9,0,0.3,0.7,3.4,34.5,10.3,0,0.8,1.3,2.6,40.1,11.3
21/01/2020,10:00,0.1,0.2,0.7,4,26,12.7,0,0.3,0.8,3.8,25.8,9.3,0,0.2,0.4,4,25,9.2
21/01/2020,11:00,0,0,0.3,5,8.6,14,0,0.1,0.3,5.1,17.1,8.1,0,0.1,0.3,4.8,18.2,6.2
21/01/2020,12:00,0,0,0.2,5.2,3.6,8.9,0,0,0.2,5.6,8.9,4.6,0,0.1,0.3,5,9.3,8.2
21/01/2020,13:00,0,0,0,5.1,22.4,9,0,0.1,0.4,5.6,11,10.1,0,0.1,0.2,5.2,8.8,7.4
21/01/2020,14:00,0,0,-0.1,4.7,12.1,6.2,0,0.1,0.5,4.9,16.1,11.1,0,0.1,0.2,5,21.9,3.1
21/01/2020,15:00,0,0,0,3.9,15.9,-2.1,0,0.1,0.3,4,9.2,3.5,0,0.1,0.2,4.2,6.9,3.8
21/01/2020,16:00,0,0,-0.1,4.5,25.2,-8,0,0.2,0.4,3.7,15.5,3.3,0,0.2,0.4,3.8,15.5,6.7
21/01/2020,17:00,0,0,-0.1,4.4,21.1,,0,0.1,0.5,3.7,16.3,3.6,0,0.1,0.4,3.8,18.2,5.2
21/01/2020,18:00,0,0,-0.1,3.8,29.6,2.2,0,0.1,0.7,3.4,25.5,4.8,0,0.1,0.3,3.4,20.6,7.8
21/01/2020,19:00,0,0,-0.1,3.5,28.5,11.6,0,0.1,0.7,3.1,22.2,2.7,0,0,0.3,3.1,23.9,8.4
21/01/2020,20:00,0,0,0,2.5,17.4,12,0,0,0.6,2.6,17.8,3,0,0,0.5,2.5,22.7,0.3
21/01/2020,21:00,0,0,-0.1,2.6,19.6,18.8,0,0,0.5,2,17.2,2.8,0,0,0.8,1.5,21.8,-3.7
21/01/2020,22:00,0,0,0.1,2.2,15.3,17.6,0,0,0.8,1.6,16.7,-0.4,0,0,1,1.2,20.5,1.6
21/01/2020,23:00,0,0,0.4,1.4,14.3,-1,0,0,1.1,1.1,13.1,2.1,0,0.2,1.1,0.7,19.7,4.6
21/01/2020,24:00,0,0,0.9,0.8,12.5,-2.8,0,0.1,1.5,0.6,11.7,3.1,0,1.7,1.9,0.2,15.6,4.9
22/01/2020,01:00,0,0,1,0.6,10.7,-1.2,0,0.1,1.4,0.5,19.9,4.5,0,1.8,1.6,0.2,17.1,3.1
22/01/2020,02:00,,,,,10.2,-2.5,,,,,6.9,4.3,,,,,18.7,4.1
22/01/2020,03:00,0,0.7,1,0.3,15.1,4.6,0,0.6,1.2,0.2,17.5,2.7,0.1,3,1,0.3,20.7,7
22/01/2020,04:00,0.1,2,0.9,0.2,16.7,3.3,0,0.6,1.2,0.2,12.1,4.8,0.1,3.2,0.9,0.1,23.4,10.3
22/01/2020,05:00,0.1,1.1,0.8,0.2,16.5,15.1,0,0.7,1.2,0.2,11.1,0.1,0,1.6,1.2,0.1,11.7,7.4
22/01/2020,06:00,0.1,0.9,0.7,0.2,23.6,24.2,0,1.8,1.3,0.2,18.4,4.6,0,2.8,0.7,0.1,28,7
22/01/2020,07:00,0.1,2.8,1.3,0.4,33.2,12.8,0.1,3.3,1.7,0.3,19.4,0.9,0.1,3.7,1.6,0.3,34.3,5.7
22/01/2020,08:00,0.1,2.6,2.2,1.2,26,12.2,0.1,2.5,2,0.8,28,0.7,0.1,3,1.8,0.7,33.5,10.1
22/01/2020,09:00,0.1,0.1,0.7,4.2,47.3,4.7,0.1,0.8,1.7,2.5,36.3,6,0.2,0.8,1.7,2.3,40.3,4.3
22/01/2020,10:00,0,0.1,0.3,3.8,40.5,9.9,0.3,0.3,0.9,4.5,44.2,3.4,0.4,0.3,1,3.9,41.6,4.1
22/01/2020,11:00,0,0.1,0.1,4.5,40.6,6.5,0.1,0.5,1.6,4.2,61,5.2,0.7,0.1,0.7,5.3,34.9,10
22/01/2020,12:00,0,0,-0.1,5.1,41.7,3,0,0.1,0.6,5.2,52.4,11.6,0.3,0.1,0.5,6.2,66.1,18.8
22/01/2020,13:00,0,0,-0.1,5.3,40.1,5,0.1,0.1,0.4,5.3,46.1,11.1,0.1,0.1,0.5,5.7,54.5,12.3
22/01/2020,14:00,0,0,-0.1,4.9,41.1,7,0.1,0.1,0.4,5.2,43.8,12.3,0.1,0.1,0.4,5.5,47.1,13.7
22/01/2020,15:00,0,0.1,-0.1,4.6,53.7,10.7,0,0.1,0.3,4.6,56.7,8.9,0.2,0.1,0.4,5,51.5,13
22/01/2020,16:00,0,0,-0.1,4,63.8,5.7,0,0.1,0.4,3.9,54.3,8.2,0.4,0.1,0.4,4.8,46.7,11.8
22/01/2020,17:00,0.1,0,-0.1,3.2,54.4,10.3,0,0.1,0.3,3.4,44.5,10,0.1,0.1,0.2,4.3,26.3,7.6
22/01/2020,18:00,0.1,0,-0.1,3.1,39.9,14.8,0,0.1,0.4,3.3,20.3,11.2,0,0,0.3,3.8,26.8,8.4
22/01/2020,19:00,0,0,0,3.3,47,9.3,0,0,0.2,3.6,54.8,11.9,0,0,0.4,3.7,36.8,16.3
22/01/2020,20:00,0,0,-0.1,3.1,50.2,5.3,0,0,0.1,3.6,28.3,9.9,0,0,0.8,3.4,40,10
22/01/2020,21:00,0,0,-0.2,3.2,35.6,19.6,0,0,0.1,4.2,2.2,9.6,0,0.1,0.9,3.2,18.3,4.9
22/01/2020,22:00,0,0,-0.1,2.9,27.4,19.7,0,0,0.1,4.2,24.6,3.2,0,0,1.1,3,21.1,10.3
22/01/2020,23:00,0,0,-0.1,2.9,,7.7,0.1,0,0.3,3.7,20.4,6.6,0,0,2.5,1.2,31.7,7.2
22/01/2020,24:00,0.1,0,0.3,2.5,-3.9,4.8,0.3,0,0.6,3.1,18.8,6.4,0.1,1.2,3.5,0.2,41.2,8
23/01/2020,01:00,0.3,0,0.7,2.8,-6.9,0.5,0.3,0,0.8,2.7,31.8,6.5,0.2,2.4,3.3,0.1,43.8,8.8
23/01/2020,02:00,,,,,82.1,1.7,,,,,17.5,8.1,,,,,59.7,14.2
23/01/2020,03:00,0.1,0,0.1,3.4,51,8.1,0.3,0,1.5,1.5,33.1,7.5,0.2,5.4,2.8,0.3,55.3,15.9
23/01/2020,04:00,0.3,0,0.2,3.1,29.8,-1.2,0.3,0,1.6,1.2,33.3,9,0.2,4.6,2.5,0.2,49.7,16.8
23/01/2020,05:00,0.3,0,0.5,2.9,-3.8,4.2,0.4,0,1.5,1.3,10.2,6.9,0.2,1.4,2.6,0.2,42.4,16.5
23/01/2020,06:00,0.2,0.2,1.6,2.1,26.1,10.2,0.3,0.1,1.5,1.5,18.2,6.2,0.2,3.2,2.8,0.2,61.6,16.8
23/01/2020,07:00,0.1,0.3,1.5,2.2,69.4,10.2,0.1,0.5,1.5,1.9,46.9,13.9,0.2,5.6,3.2,0.4,57,24.1
23/01/2020,08:00,0.1,0.4,1.2,2.7,67.9,14.6,0,0.2,0.7,3.5,64.2,18.2,0.1,0.4,1.1,2.8,64.8,15
23/01/2020,09:00,0.1,0.3,0.9,3.9,56.3,17.3,0,0.1,0.5,4.5,51.5,16.3,0,0.1,0.5,4.1,63.1,17.2
23/01/2020,10:00,0.1,0.1,0.4,5.1,40.5,14.2,0,0,0.3,5.2,37.2,12.8,,,,,42.1,16.5
23/01/2020,11:00,0.1,0.1,0.5,5.4,38.1,11.6,0,0.1,0.3,5.2,14.2,9.8,0.1,0.1,0.4,3,149,16.8
23/01/2020,12:00,0,0.1,0.3,4.7,5.4,5.9,0,0,0.1,4.6,32.2,3.2,0,0.1,0.3,4,61.1,15.5
23/01/2020,13:00,0.1,0.1,0.3,4.8,35.8,13,0,0,0.2,4.9,39.1,-0.9,0,0,0.1,4.3,63.4,12.7
23/01/2020,14:00,0.1,0.1,0.4,5.3,77.2,18.6,0,0.1,0.4,5.4,82.6,3.2,0,0,0.3,4.9,102.2,14.4
23/01/2020,15:00,0.1,0.1,0.5,6,152.7,32.5,0,0,0.4,6,159.9,24.9,0,0,0.3,5,155.8,22.7
23/01/2020,16:00,0.1,0,0.2,5.2,224.9,,0,0,0.5,5.8,216.1,44.1,0,0,0.4,5,291.2,33.9
23/01/2020,17:00,0.1,0,0.1,5.1,74.7,6.9,0.1,0.8,2.8,2.6,226.8,45.2,0,0,0.4,5.1,375.1,45
23/01/2020,18:00,0.1,0,0.1,4.2,46.5,17.3,0.1,0.4,3,1.6,89.1,35.7,0,0,0.6,3.8,538.7,57.6
23/01/2020,19:00,0.1,0,0.4,3.7,102.9,15.9,0.1,1.6,3.7,0.7,141.1,28.1,0,0,1.4,2.1,743.5,83.2
23/01/2020,20:00,0.1,0,0.3,4.1,139.7,14,0.1,1.2,3.2,1.1,149.3,32,0,0.2,3.1,1,345.7,78.9
23/01/2020,21:00,0.1,0,0.1,3.4,104.3,11.1,0,0.2,1.7,2.4,120.5,32.5,0,0.7,3.4,0.5,273.8,53
23/01/2020,22:00,0.1,0,0.4,2.6,209.1,22.7,0,0,1.1,2.7,157.3,31.4,0,0.3,2.2,1.5,230.8,38.6
23/01/2020,23:00,0,0,0,3.7,89.8,27.9,0,0,0,3.9,54.6,25.1,0,0,0.3,3.3,103.3,33.3
23/01/2020,24:00,0,0,0,3.6,67.3,14.6,0,0,0,3.7,49.6,13.4,0,0,0,3.2,57.8,21.2
24/01/2020,01:00,0,0,-0.1,3.5,55,13.2,0,0,0,3.5,42.8,12,0,0,0.1,2.9,49.8,15.9
24/01/2020,02:00,,,,,48.3,12.7,,,,,50.2,14.5,,,,,46.3,14.7
24/01/2020,03:00,0.1,0,0.3,2.4,69.9,15.4,0,0,0.3,2.5,35.9,19.6,0,0,0.6,2,50.6,18.6
24/01/2020,04:00,,,,,,,0,0,0.3,2.3,108.4,18.6,0.1,0,0.2,1.8,121.2,39.1
24/01/2020,05:00,,,,,,,0,0,0.9,1.3,127.4,25.8,0.1,0.1,0.5,1.3,140.9,56.5
24/01/2020,06:00,,,,,,,0,0.1,0.8,1.2,125.6,47.9,0,0.1,0.5,1.1,149.1,73.3
24/01/2020,07:00,,,,,,,0.1,0.2,1.1,1.2,102.6,63.8,0,0.1,0.4,1.5,104.1,65.3
24/01/2020,08:00,0.1,,,0.2,,,0,0.1,0.8,1.4,136.4,58.2,0,0.2,0.4,1.5,121.3,53.9
24/01/2020,09:00,-0.1,0,0.3,1.9,108.2,,0,0.5,0.6,1.9,90,50.9,0,0.4,0.5,1.7,97.7,51.8
24/01/2020,10:00,-0.1,0.1,0.4,2.9,114.3,,0,0.2,0.6,2.1,75.6,45.6,0.1,0.3,0.7,1.8,87.2,54.4
24/01/2020,11:00,-0.1,0.2,0.8,2.7,160.3,,0.1,0.2,1.2,2.5,132.1,59.5,0.1,0.3,0.9,2.4,147.5,56.4
24/01/2020,12:00,-0.1,0.1,0.3,2.6,61.4,-5.5,0,0.2,0.5,3,95,66.4,0.1,0.2,0.7,2.8,229.7,101.9
24/01/2020,13:00,-0.1,0,0.1,2.7,44.9,,0.1,0.3,0.6,2.4,52.2,53.8,0,0.1,0.2,2.8,118.3,89.4
24/01/2020,14:00,-0.1,0,-0.1,2.9,74.2,-0.4,0,0.2,0.6,3,75.4,45.4,0,0.1,0.3,2.4,67.9,46.5
24/01/2020,15:00,-0.1,0,-0.1,3.1,65.1,8.2,0,0.4,0.7,2.7,86.1,33.7,0.1,0.3,0.6,2.6,81.7,30.4
24/01/2020,16:00,-0.1,0,-0.2,3,65,3.6,0,0.5,0.8,2.2,72.2,33.6,0,0.2,0.4,2.9,78.3,29.6
24/01/2020,17:00,-0.1,0,-0.2,2.9,45.5,0,0,0.5,1,1.9,53.2,29.9,0,0.1,0.2,2.7,73.9,26.3
24/01/2020,18:00,-0.1,0,-0.2,2.9,49.9,-0.5,0,0.1,0.8,2.1,50.3,26.3,0,0,0.2,2.3,58.4,31.6
24/01/2020,19:00,-0.1,0,-0.2,3,44.3,-2.2,0,0,0.4,2.5,49.3,24.9,0,0,0.3,2.1,54.5,23.7
24/01/2020,20:00,-0.1,0,-0.2,3.1,45.3,8.8,0,0,0.6,2.3,44.2,21.1,0,0,0.3,2.1,45.9,17.2
24/01/2020,21:00,-0.1,,,3.1,55.6,15.1,0,0,0.1,2.8,50.5,26.7,0,0,0.2,2.2,45.5,18.4
24/01/2020,22:00,-0.1,,,3,54.4,15,0,0,0.1,2.6,50.6,35.7,0,0,0.5,1.8,59.1,18.2
24/01/2020,23:00,-0.1,,,3,53.4,12.9,0,0.1,0.7,2,46.2,22.6,0,0,0.6,1.5,45.9,13.4
24/01/2020,24:00,-0.1,,,3,53.2,20,0,0,0.1,2.6,44,19,0,0,0.7,1.2,45.8,12.6
25/01/2020,01:00,-0.1,,,3,60.7,11.8,0,0,0.6,2.1,51.3,16.5,0,0,0.1,1.9,37.5,14.8
25/01/2020,02:00,,,,,62.3,5.5,,,,,55.9,17.1,,,,,52.4,17.5
25/01/2020,03:00,0,0,-0.2,3,64.9,10.9,0,0,0.2,2.7,59.7,17.2,0,0,0.1,2.4,52.9,18.5
25/01/2020,04:00,0,,,2.9,77,23.3,0,-0.1,0.1,2.6,64.3,21,0,0,0,2.3,60.1,19.2
25/01/2020,05:00,0,,,2.9,81.8,1.6,0,0,0.2,2.6,73.3,15.7,0,0,0.1,2.1,70.2,18.4
25/01/2020,06:00,0,0,-0.2,2.9,95.3,-4.7,0,0.3,1.1,1.8,78.5,16.7,0,0,0.1,2.2,72,16
25/01/2020,07:00,0,0,-0.2,2.9,111.7,22.9,0,1.7,2.1,0.6,101.1,19.9,0,0,0.5,1.8,82.1,18.4
25/01/2020,08:00,0,0,-0.2,2.8,103.3,24.4,0,0.1,0.5,2.3,96.3,15.8,0,0.1,0.4,2,100.1,16.6
25/01/2020,09:00,0,0,-0.2,2.9,98.5,18.2,0,0.2,0.3,2.6,84.9,16.9,0,0.1,0,2.5,90.7,10.1
25/01/2020,10:00,0,0,-0.1,3,94.5,10.9,0,1.1,1.1,1.9,93.9,17,0,0.1,-0.1,2.9,84.1,12.3
25/01/2020,11:00,0,0,-0.2,3,84.1,11.2,0,0.6,0.9,2.3,82,13.6,0,0.1,0,3.1,107.8,17.9
25/01/2020,12:00,0,0.1,-0.2,3.1,83.5,9.5,0,0.8,0.7,2.5,77.8,13.4,0,0.1,0.2,3.1,96.1,17
25/01/2020,13:00,0,0,-0.2,3.1,75.9,15.9,0,2,1.6,1.6,75.1,14.7,0,0.1,0.2,3.1,84.6,15.3
25/01/2020,14:00,0,0.1,-0.2,3.1,77.1,12.3,0,3.6,2,1,77.5,9.7,0,0.1,0.2,2.9,76.5,16
25/01/2020,15:00,0,0,-0.2,3.1,75.1,15.2,0,3.3,2,1,69,16.3,0,0.1,0.1,2.9,64.6,15.1
25/01/2020,16:00,0,0,-0.2,3,61.8,12.5,0,1.9,1.6,1.2,57.8,13.7,0,0.1,0.2,2.5,38.8,15.6
25/01/2020,17:00,0,0,-0.2,3,55.4,7.9,0,1.2,1.4,1.4,56.3,13.3,0,0,0,2.6,39.6,15.6
25/01/2020,18:00,0,0,-0.2,2.8,33.3,11.1,0,0.9,1.7,1.2,34.7,13.4,0,0,0.1,2.5,31.8,11.5
25/01/2020,19:00,0,0,0.1,2.5,26.8,17.9,0,0,0.8,2,27.4,12,0,0.1,0.5,2.2,26.1,11.8
25/01/2020,20:00,0,0,0,3,10.4,13.7,0,0,0.2,2.8,16.3,9.5,0,0,0.4,2.3,19.2,8.9
25/01/2020,21:00,0,0,-0.1,3.1,12.8,10.4,0,0,0.3,2.7,16.7,8.7,0,0,0.4,2.2,17,6.3
25/01/2020,22:00,0,0,-0.1,2.9,9.5,10.1,0,0,0.3,2.5,14.4,2.9,0,0,0.2,2.3,13,5.8
25/01/2020,23:00,0,0,0,2.9,20.8,18,0,0,0.2,2.6,11.1,11.7,0,0.1,1,1.3,17.1,7.1
25/01/2020,24:00,0,0,0.1,2.5,34.9,8.9,0,-0.1,0.1,2.7,16.5,7.1,0,0.2,1.2,1.3,18.3,4.5
26/01/2020,01:00,0,0,-0.1,2.5,22.6,3.3,0,0,0,2.6,19.5,,0,0,1,1.6,19.2,2
26/01/2020,02:00,,,,,24.9,-1.9,,,,,19,,,,,,15.6,3.1
26/01/2020,03:00,0,0,-0.1,5,8,-1.1,0,0,0,3,16.6,2,0,0,0.1,2.6,16.1,7
26/01/2020,04:00,0,0,-0.1,2.7,15.8,1.8,0,0,0,2.7,12.2,5.5,0,0,0,2.1,11.2,10.8
26/01/2020,05:00,0,0,0.1,2.1,13.3,10,0,0,0.1,2.2,13.5,11.4,0.1,0,0.2,1.7,21.4,10.8
26/01/2020,06:00,0,0,0,2.1,37.9,17.4,0,0,0.3,2,24.5,21.4,0.1,0,0.4,1.6,27.5,11.5
26/01/2020,07:00,0,0.1,0.4,1.9,30.1,7.5,0.1,0,0.3,1.8,25.8,16.6,0.1,0,0.2,1.7,25.5,10.5
26/01/2020,08:00,0.1,0.2,0.5,2,27.6,12.9,0.1,0.1,0.3,1.9,21.4,15,0.2,0.1,0.2,2,24.4,14.6
26/01/2020,09:00,0.2,0.3,0.4,2.5,30,8.4,0.2,0.2,0.3,2.2,26.1,15.5,0.2,0.1,0.2,2.7,26,17.2
26/01/2020,10:00,0.1,0.1,0,3.2,39.6,6,0.2,0.1,0.3,3.5,23.6,14.8,0.1,0,0,4.3,10.4,21.2
26/01/2020,11:00,0.1,0.1,0,3.4,37.1,10.7,0.1,0.1,0.5,5.2,10.4,11.7,0.1,0,-0.1,5.1,10.2,39
26/01/2020,12:00,0.2,0.1,0.1,3.9,32.2,15.8,0.1,0.4,1.5,4.6,62.7,11.3,0,0,-0.1,5.5,20.5,33.7
26/01/2020,13:00,0.3,0.1,0.1,4.9,35.5,18.4,0.3,0.6,1.9,4.4,41.4,24.8,0,0,-0.1,5.6,22.3,24.9
26/01/2020,14:00,0.2,0,0.1,5.9,29.5,23,0.3,0.9,2.6,3.7,36.6,36.4,0.1,0,0,6.2,90.7,20.5
26/01/2020,15:00,0.4,0,0.1,6.3,25,26.8,0.2,0,0.5,6.7,15.3,26.3,0.2,0,0,6.4,62.2,19.3
26/01/2020,16:00,0.4,0,0.3,5.9,35.3,28.7,0.2,0,0.4,6.2,70.1,22,0,0,0,5.2,42.5,
26/01/2020,17:00,0.3,0,0.1,6,10.6,24.4,0.2,0,0.4,6.3,,16.1,0.1,0,0,6,9,5.5
26/01/2020,18:00,0.1,0,-0.1,4.3,3.7,19.7,0.1,0,0.1,5.7,6.7,18.9,0.3,0,0,6.5,-1.4,17.5
26/01/2020,19:00,0.1,0,0,4.3,41.8,11.3,0.1,0,0.1,5.4,20.3,13.7,0.1,0,0.2,5.2,16.2,20.3
26/01/2020,20:00,0.1,0,0.4,3.6,39.3,7.7,0.3,0,0.6,4.8,24.8,7.2,0.6,0,0.8,4.3,23,14.8
26/01/2020,21:00,0.1,0,0.5,3.2,56.9,2.1,0.5,0,0.9,4.1,27,15,0.6,0,1.5,3.2,25.8,11.3
26/01/2020,22:00,0.2,0,0.8,2.8,33,0.4,0.4,0,2,2.7,24.4,16.8,0.4,0,0.8,3.5,15.7,8.1
26/01/2020,23:00,0.2,0,0.9,3.4,38.9,-1.3,0.1,0,0.6,4,5.6,13.5,0.1,0,1.2,3,-5.3,9.2
26/01/2020,24:00,0,0,-0.1,5.1,84.5,21.7,0,0,0,4.9,81.9,21.7,0.1,0,0.1,4.3,76.7,12.5
27/01/2020,01:00,0,0,-0.2,4.5,96.2,54.7,0,0,-0.1,4.8,87.7,51,0.1,0,0,4.4,92.8,32.6
27/01/2020,02:00,,,,,63.7,52.5,,,,,65,47.8,,,,,76,49.8
27/01/2020,03:00,0,0,-0.1,3.7,59.6,39.2,0,-0.1,0,3.9,60,33.7,0,0,0.1,3.7,72.9,41.8
27/01/2020,04:00,0,0,-0.1,4.1,64.4,32.2,0,0,0,3.8,60.6,28.7,0,0,0,3.4,69.3,36.3
27/01/2020,05:00,0,0,0,3.9,58.4,31.6,0,0,0,3.9,62.7,29.3,0,0,0.1,3.3,64.7,32.6
27/01/2020,06:00,0,0,0.3,3.3,43.6,27.5,0,0,0,3.7,50.5,29.9,0.1,0,0.3,3,63.7,31.5
27/01/2020,07:00,0,0,0.3,3.1,39.3,18.9,0,0,0.1,3.5,39.1,23.8,0.2,0.1,0.3,3,47.9,31.5
27/01/2020,08:00,0,0,0,3.1,35.3,17.8,0,0,0.2,3.3,37.9,19.7,0.1,0.1,0.1,3,46.9,24.4
27/01/2020,09:00,0,0,-0.1,3,28.2,12.6,0.1,0.1,0.7,2.8,27.1,19.9,0.1,0.1,0,3.2,36.1,20.3
27/01/2020,10:00,0,0,0,3,41,14.9,0.1,0.1,0.6,2.6,21,16,0.1,0,-0.1,3.7,27.5,20.4
27/01/2020,11:00,0,0,0,3.2,46.5,24.1,0.1,0.2,0.4,2.9,39,14.3,0.1,0.1,-0.1,3.6,24.4,18.5
27/01/2020,12:00,0,0,-0.1,3.2,43.1,34.5,0,0,0.2,3.8,33,17.5,0,0,-0.2,3.7,29.6,13.2
27/01/2020,13:00,0,0,-0.1,3.2,45.8,34.5,0.1,0,0.3,4,42.9,17.5,0,0.1,-0.1,3.7,31.2,15.3
27/01/2020,14:00,0,0,-0.1,3,38.6,24.1,0,0,0.1,3.7,33.6,12.4,0,0.1,-0.1,3.8,29.3,18.8
27/01/2020,15:00,0,0,-0.1,3.2,43.6,19.4,0,0.2,0.4,3,22.1,11.4,0.1,0.1,0.1,3.5,33.5,17.1
27/01/2020,16:00,0,0,-0.1,3,38.5,20.2,0,0.2,0.4,2.9,23,7.1,0,0.1,0,3.5,27.4,19.2
27/01/2020,17:00,0,0,-0.2,2.6,31.3,21.9,0,0,0.1,3.1,26.6,8.3,0,0.1,0,2.9,31.8,10.9
27/01/2020,18:00,0,0,-0.1,2.8,26.3,11.6,0,0,0.3,2.5,26.1,12,0,0.1,0.2,2.7,20.9,11.3
27/01/2020,19:00,0,0,0,3.1,-1.4,5.5,0,0,0,3.2,7.2,8.9,0,0.1,0.6,2.4,21.2,12.8
27/01/2020,20:00,0,0,-0.1,2.6,19.5,3.6,0,0,0,2.6,11,8.7,0,0,0.5,2.6,10,9.6
27/01/2020,21:00,0,0,-0.1,2,22.6,3,0,0,0.1,2.2,23.2,7.3,0,0.1,0.7,1.5,13.7,6.7
27/01/2020,22:00,0,0,-0.1,1.8,21.4,16.1,0,0,0,1.9,20.9,2,0,0,0.4,1.4,18.7,6.2
27/01/2020,23:00,0,0,-0.1,1.6,23.3,8,0,0,0.1,1.7,21.9,5.3,0,0,0.4,1.2,20.9,6.5
27/01/2020,24:00,0,0,-0.1,1.6,16.7,-1.3,0,0,0.1,1.5,19.5,6.8,0,0,0.1,1.2,21,4.1
28/01/2020,01:00,0,0,-0.2,1.7,19.4,4,0,0,0,1.5,17.5,6.4,0,0,0.3,0.9,20.7,8
28/01/2020,02:00,,,,,20.9,12.3,,,,,14.8,7.8,,,,,12.7,12.3
28/01/2020,03:00,0,0,0,2.2,16.4,4.5,0,0,0.1,1.3,16.4,3.3,0,0,0.4,0.9,14.5,6.7
28/01/2020,04:00,0,-0.1,0,1.4,18.5,-1.7,0,0,0.2,1.2,16.9,2.8,0,0.2,0.5,0.3,15.2,3.6
28/01/2020,05:00,0,0,0.1,1.1,14.1,1.8,0,0,0.2,0.9,17.6,5.2,0,0.8,0.9,0.2,30.1,2.7
28/01/2020,06:00,0,1.1,0.8,0.5,47.9,0,0,0.6,0.9,0.4,25.1,10.2,0.1,0.5,0.8,0.4,23.2,7.7
28/01/2020,07:00,0.1,0.4,0.6,1.2,37.9,5.1,0.1,0.5,0.8,0.8,26.8,10.7,0.1,0.6,0.7,0.8,24.9,8.2
28/01/2020,08:00,0.1,0.2,0.2,1.5,21.1,8.6,0.1,0.6,0.8,1,28.1,7.7,0.1,0.4,0.3,1.2,29.3,9.9
28/01/2020,09:00,0.2,0.5,0.5,1.6,26.3,9.6,0.1,0.4,0.5,1.4,28.4,9,0.2,0.4,0.4,1.4,25,12
28/01/2020,10:00,0.2,0.1,0.2,2.2,42.4,13,0.5,0.7,0.8,1.7,35.4,8.5,0.4,0.4,0.5,1.9,36.3,11.7
28/01/2020,11:00,0.2,0.1,0.1,2.6,40,21,0.8,0.8,1.2,2,40.4,12,0.4,0.3,0.7,2.8,47.6,15.1
28/01/2020,12:00,0.1,0,0,2.9,35.3,16.6,0.5,2.3,2.4,1.8,48.6,10.3,0.4,0.3,1,4.2,39.6,17.8
28/01/2020,13:00,0.1,0,-0.1,3.2,41.7,20,0.3,2.3,2.6,1.7,48.2,13.8,0.4,0.3,1,4,46.5,24.3
28/01/2020,14:00,0.1,0,0,4.3,38.6,18.9,0.3,0.9,2.1,2.9,38.9,16.5,0.3,0.3,1.2,4.3,55.3,22.7
28/01/2020,15:00,0.1,0,0,3.8,29,13.5,0.3,1.7,2.8,2.3,26.8,16.6,0.2,0.1,1.2,5.6,43.9,20.8
28/01/2020,16:00,0.1,0,-0.1,3.1,-1.4,12.9,0.3,0.3,1.2,3.2,14,16.6,0.3,0.2,1.2,4.4,27.2,19.1
28/01/2020,17:00,0,0,-0.1,3.1,8.8,7,0.1,0.1,0.8,2.8,25.8,13.8,0.4,0,0.4,4,25.8,28.1
28/01/2020,18:00,0.2,0,0,3.4,34.6,6.4,0.2,0.1,0.9,2.8,22.4,8.9,0.4,0.1,0.4,3.5,38.2,23
28/01/2020,19:00,0.4,0,0.2,3.2,36.7,8.3,0.4,0,0.7,2.9,44.4,12.3,0.1,0,0.1,2.9,32.7,17.2
28/01/2020,20:00,0.1,0,0,3,36.6,5.2,0.1,0,0.5,2.5,29,11.8,0,0,0,2.7,18,13.4
28/01/2020,21:00,0,-0.1,-0.1,2.8,42.8,6.4,0,0,0.3,2.4,33,15,0,0,0.1,2.5,29.6,14.1
28/01/2020,22:00,0,0,-0.1,2.7,35.3,17.1,0.1,0,0.4,2.3,35.1,18.4,0,0.1,0.1,2.3,31.2,12.3
28/01/2020,23:00,0,0,-0.1,2.5,29.7,18.1,0,0,0.1,2.5,29.3,16.5,0,0,0,2.5,27.1,15.5
28/01/2020,24:00,0,0,-0.1,2.5,24,21,0,0,0,2.6,23.7,13.8,0,0,0,2.5,25.9,15.1
29/01/2020,01:00,0,0,-0.1,2.7,34.4,9.4,0,-0.1,0,2.7,26.6,10.9,0,0,0,2.5,28.5,15.9
29/01/2020,02:00,,,,,37,-2.8,,,,,27.1,13.3,,,,,26.4,15.7
29/01/2020,03:00,0,0,-0.1,3.9,17.7,9.2,0,0,0.1,3.1,30.4,12.8,0,0,0.2,2.8,31.2,18.3
29/01/2020,04:00,0,0,0,3.3,36.7,25.7,0,0,0,3.3,31.6,18.9,0,0,0.3,2.9,34.1,22
29/01/2020,05:00,0,0,0,3.3,38.5,35.1,0,0,0.2,3.2,34.4,21.3,0,0.1,0.5,2.8,33,27.5
29/01/2020,06:00,0,0,0.1,3.5,4.4,27.9,0,0,0.5,3,42.7,25.6,0,0.1,0.7,2.6,45.3,32.2
29/01/2020,07:00,0,0,0.2,3.3,39.2,24.2,0,0,0.6,2.8,49.7,32.6,0,0.1,0.6,2.6,54.4,35.8
29/01/2020,08:00,0,0,0.1,3,29.2,34.3,0.1,0.1,0.8,2.7,41.5,30.5,0,0.1,0.5,2.8,40.9,37.9
29/01/2020,09:00,0,0,0.1,2.8,43.4,21.8,0,0.2,0.6,2.6,29.1,25.2,0,0.2,0.5,2.6,36.6,33.9
29/01/2020,10:00,0,0,0.1,2.9,40.7,14.5,0.1,0.3,0.6,2.6,35.6,16.4,0,0.1,0.2,3.1,38.2,26.1
29/01/2020,11:00,0,0,0,3.2,25.4,5.7,0.1,0.2,0.5,3.1,43,12.4,0,0.1,0.1,3.5,39.4,24.7
29/01/2020,12:00,0,0,0,3.4,34,7.3,0.1,0.2,0.6,3.4,40,20.2,0,0,0.1,3.7,39.9,22.6
29/01/2020,13:00,0,0,0,3.5,37.7,4,0.1,0.1,0.4,3.5,37.9,16.6,0,0.1,0.1,3.7,41.5,23.3
29/01/2020,14:00,0,0,-0.1,3.5,50.8,17.1,0,0.1,0.3,3.7,52.1,15.1,0,0,0,3.7,42.1,24.1
29/01/2020,15:00,0,0,0,4,51.3,24.8,0,0.1,0.4,3.8,53.5,22.3,0,0,0.1,3.6,48.2,25
29/01/2020,16:00,0,0,-0.1,3.5,32.4,34.4,0,0.1,0.4,3.7,41.8,28.2,0,0.1,0.1,3.6,42.3,25.4
29/01/2020,17:00,0,0,-0.1,3,21.6,29.6,0,0.1,0.3,3,27.9,24.6,0,0,0.1,2.9,30.7,28.2
29/01/2020,18:00,0,0,-0.1,2.7,20.3,18,0,0,0.2,2.8,19.9,16.4,0,0,0.1,2.5,19.3,22.9
29/01/2020,19:00,0,0,-0.1,2.3,4.1,6.3,0,0,0.2,2.3,14.3,12.2,0,0,0.2,2.1,18.3,15.5
29/01/2020,20:00,0,0,-0.1,2.9,22.7,3.8,0,0,0.2,2.4,5.9,8.7,0,0,0.4,1.5,13.6,13.8
29/01/2020,21:00,0,0,-0.1,3.1,41.6,13.5,0,0,0.5,2.5,31.2,9.6,0,0,0.5,1.6,8,7.4
29/01/2020,22:00,0,0,-0.1,2.9,28.2,19.8,0,0,0.5,2.6,33,17.2,0,0,0.8,1.5,19.8,8.4
29/01/2020,23:00,0,0,0,2.5,21.5,14,0,0.8,1.6,1.3,28,18.2,0,0,1.1,1.1,25.9,12.6
29/01/2020,24:00,0,0,0.1,2.3,18.9,21.4,0,0.4,1.5,1.1,26,16.4,0,0.1,1.9,0.5,26.6,13.9
30/01/2020,01:00,0,0,0.1,1.9,16.7,17.9,0,0.7,1.8,0.9,22.9,11.2,0,0.3,1.7,0.3,25.3,16
30/01/2020,02:00,,,,,12.4,5,,,,,19.4,11.3,,,,,20.6,16.5
30/01/2020,03:00,0,0,0.2,1.1,9.6,5.3,0,0,1.1,0.9,21.1,7.9,0,0.5,1.3,0.6,27.8,13.5
30/01/2020,04:00,0,0,0.2,0.9,11.4,11.1,0,0,1.4,0.5,12.6,13.8,0,1.1,1.6,0.3,13.9,8.3
30/01/2020,05:00,0,0,0.5,0.6,9.8,13,0,0.3,1.5,0.2,21,9,0,0.8,1.5,0.2,20.9,13.1
30/01/2020,06:00,0,0.6,0.8,0.3,33.3,11.5,0,1.4,1.5,0.2,33.3,8.7,0.1,3.6,1.2,0.1,28.1,12.2
30/01/2020,07:00,0.1,2.8,1.5,0.4,56.6,7.7,0.1,2.3,1.6,0.3,31,11.5,0.1,6,1.9,0.2,65.9,12.7
30/01/2020,08:00,0.1,0.9,1.4,1.5,8.9,13.9,0.1,2.2,1.8,0.5,27.8,15.6,0.1,3.5,1.9,0.6,43.7,15
30/01/2020,09:00,0.1,0.2,0.5,2.7,25.8,24,0,0.5,0.9,2.3,16.4,16.6,0,0.6,1.3,1.7,18.9,19.5
30/01/2020,10:00,0.1,0,0,3.2,26.3,18.1,0,0.3,0.7,3,27.6,13,0,0.3,0.9,2.6,25.9,20
30/01/2020,11:00,0.1,0,0.1,3.5,30.7,13,0,0.1,0.4,3.8,31,15.7,0,0.1,0.5,3.6,31.7,18.7
30/01/2020,12:00,0.1,0,0,3.8,30.2,14.8,0,0.1,0.5,4.3,35.9,14.5,0,0.1,0.4,4.4,33.9,16
30/01/2020,13:00,0.1,0,0,4,30.2,14.5,0.1,1,1.8,2.8,38.3,13.6,0.1,0.1,0.5,5.4,32.6,20.4
30/01/2020,14:00,0.1,0,0,3.5,31.1,9.7,0.1,1,1.9,2.6,36.1,17,0.1,0.1,0.7,4.9,56.8,20.8
30/01/2020,15:00,0.1,0,0,3.3,36.2,10.6,0.1,0.3,0.8,3.4,37.1,16.3,0.2,0.1,0.5,4.8,42.4,20
30/01/2020,16:00,0.1,0,0,2.9,30.6,12.1,0,0.1,0.5,2.9,33.5,15.1,0.2,0.1,0.5,3.9,38.8,21.4
30/01/2020,17:00,0.1,0.1,0,2.4,26.5,8.2,0,0.1,0.3,2.7,25.7,12.5,0.1,0.1,0.5,2.8,36.7,16.4
30/01/2020,18:00,0.1,0,0,2.5,27.8,10.5,0,0.1,0.3,2.6,29.6,15.1,0,0.1,0.4,2.5,26.1,15.5
30/01/2020,19:00,0.1,0,0.1,2.6,44.2,9.4,0,0,0.3,2.6,35.7,11.9,0,0,0.5,2.3,31.4,17.4
30/01/2020,20:00,0.1,0,0,2.7,37.4,12.8,0,0,0.2,2.5,32.2,12.5,0,0.1,0.9,1.8,32,13.8
30/01/2020,21:00,0,0,0,2.3,28.4,14,0,0,0.2,2.2,24.1,21.4,0,0,0.6,1.7,26.5,13.1
30/01/2020,22:00,0,0,-0.1,2.1,21.2,7.6,0,0,0.1,1.9,12.5,14.3,0,0.1,0.5,1.5,19.6,9.9
30/01/2020,23:00,0,0,-0.1,1.9,8.7,0.2,0,0,0.1,1.8,9.3,5.4,0,0.2,0.7,1.1,7.1,7.5
30/01/2020,24:00,0,0,-0.1,1.9,2.4,-0.7,0,0,0.1,1.8,5.5,3.1,0,0.5,1.4,0.4,18.2,5.5
31/01/2020,01:00,0,0,-0.1,1.9,3.5,9.7,0,0,0.4,1.5,1.7,3.6,0,0.5,1.3,0.4,-2.6,8
31/01/2020,02:00,,,,,8.8,5.8,,,,,3.9,2.1,,,,,5.1,10.3
31/01/2020,03:00,0,0,-0.1,3.4,13.6,8.9,0,0,0.6,1.1,11,2.2,0,1.3,1.5,0.4,16.8,7.9
31/01/2020,04:00,0,0,-0.1,2.1,18.2,6.3,0,0,0.4,1,9.4,3,0,1.8,1.3,0.4,37.3,0.6
31/01/2020,05:00,0,0,-0.1,1.9,7.4,0.1,0,0,0.2,1.2,14.4,-1.6,0,0.1,0.6,1.2,5.4,5.1
31/01/2020,06:00,0,0.1,0.2,1.7,11.2,-5.8,0,0,0.4,1.2,11,2.6,0.2,0.1,0.8,1.1,12.1,7.7
31/01/2020,07:00,0,0.2,0.6,1.3,10.9,-9.6,0.1,0.3,0.8,1.1,19.1,4.4,0.2,0.3,1,0.9,23.7,8.9
31/01/2020,08:00,0.1,0.3,0.4,1.7,14.5,-1.5,0.2,0.5,0.7,1.3,21.3,6,0.4,0.7,1.1,1,28.8,12.4
31/01/2020,09:00,0.1,0.2,0.2,2.3,31.1,-0.9,0.3,0.6,0.8,1.7,28.7,7.8,0.8,1,1,1.3,30.2,16.5
31/01/2020,10:00,0,0,-0.1,2.6,20,0.7,0.1,1,1.2,1.8,34,7.7,0.9,0.8,1.2,1.9,33.9,21.6
31/01/2020,11:00,0.1,0.1,0,2.9,21.4,6.2,0.1,1,1.3,1.9,26.3,5.1,0.4,0.3,1,3.5,33.1,15.8
31/01/2020,12:00,0.1,0.1,0,3,24.9,10.7,0.3,1.1,1.6,2.1,21.3,10.6,0.4,0.2,0.9,4.7,35.1,13.8
31/01/2020,13:00,0.1,0,-0.1,3.2,17.5,22.4,0.2,0.3,0.9,3.5,20.2,13.1,0.4,0.2,1.1,4.4,32.7,12.9
31/01/2020,14:00,0.1,0,0,2.8,25.8,20.1,0.4,0.9,1.6,2.5,31.5,10,0.4,0.1,0.9,5.2,35.3,16.4
31/01/2020,15:00,0.1,0.1,0,3.1,21,12.7,0.8,0.3,1.1,4.1,22.5,11.9,0.8,0.2,1.1,4.9,29.5,19.6
31/01/2020,16:00,0.1,0.1,0,2.5,23.8,2.9,0.3,0.2,0.7,4.1,18.7,16.1,0.7,0.1,0.9,5.6,22.3,21.2
31/01/2020,17:00,0,0.1,0,2.5,67.5,1.6,0,0.1,0.4,3.2,23.6,15,0.3,0.1,0.7,4.8,14.2,16.4
31/01/2020,18:00,0,0.1,-0.1,2.2,39.8,3.8,0,0.1,0.3,2.4,35.6,14.8,0,0.2,1,3.3,20.3,17.6
31/01/2020,19:00,0.1,0,-0.1,1.8,26.6,6.7,0,0,0.2,2,28.4,13.1,0,0.1,0.7,2.7,26.1,11.5
31/01/2020,20:00,0,0,-0.1,1.7,26.4,19.6,0,0,0.2,1.9,28,8.9,0,0.1,1,1.8,27.9,9.5
31/01/2020,21:00,0,0,-0.1,1.8,29.7,22.2,0,0,0.1,1.9,31.4,12.7,0,0.1,0.9,1.6,31.3,5.6
31/01/2020,22:00,0,0,-0.2,1.7,29.3,15.8,0,0,0.3,1.6,29.5,14.5,0.1,0,0.8,1.2,32.8,3.8
31/01/2020,23:00,0,0,-0.2,1.6,31,11.9,0.1,0,0.3,1.4,26.9,11.8,0.1,0,1.1,0.7,27.8,5
31/01/2020,24:00,0,0,-0.2,1.6,27.4,16.5,0.1,0,0.4,1.3,25.3,6.4,0.1,0.1,1.1,0.5,29.2,5.3
01/02/2020,01:00,0.1,0,-0.1,1.5,25.7,8.5,0.1,0,0.2,1.3,29.1,8.9,0.1,0.1,1,0.5,21.5,6.9
01/02/2020,02:00,,,,,23.7,4.8,,,,,24.4,6.6,,,,,30.2,10.6
01/02/2020,03:00,0,0,0,3.1,24.6,7.3,0.1,0,0.3,1.4,22.9,7.8,0.2,1.4,1.3,0.6,20.6,12.6
01/02/2020,04:00,0,0,-0.1,1.8,28.2,7.1,0.1,0,0.1,1.3,22.4,8.3,0.1,0.6,0.8,0.5,27.8,7.8
01/02/2020,05:00,0,0,0,1.6,20.1,9.1,0.1,0,0.2,1.3,22.2,9.1,0.1,1.1,1,0.3,25.7,7.6
01/02/2020,06:00,0.1,0,0.1,1.4,26.2,13.4,0.1,0,0.5,0.9,29.1,8.1,0.1,1.6,1.1,0.2,28.8,11.4
01/02/2020,07:00,0.1,0.1,0.1,1.7,31.8,15.2,0.1,0.4,0.6,0.8,26,10.8,0.1,1.7,1,0.4,32.2,8.6
01/02/2020,08:00,0.1,0.1,0.2,1.8,52.3,10.9,0.1,0.6,0.8,1.2,33.6,14.2,0.1,0.9,1,1.1,23.8,8.8
01/02/2020,09:00,0.1,0.2,0.2,2,43.7,7.9,0.1,1,1.3,1.7,44,14.3,0.1,0.4,1.2,2.6,29,11.6
01/02/2020,10:00,0.1,0.1,0.3,2.8,42.6,5.4,0.2,1.1,1.9,2.2,48.9,15.7,0.2,0.2,1.2,5.5,32.7,15.2
01/02/2020,11:00,0.1,0.1,0.3,3.6,45.9,11.2,0.2,0.8,2.6,3.4,52.4,16,0.1,0,0.6,8.7,13.7,14.7
01/02/2020,12:00,0.2,0,0.4,6.2,39.5,17.9,0.2,0.5,2.9,5.1,42.1,17.4,0.1,0,0.6,10.2,12.1,15.6
01/02/2020,13:00,0.2,0,0.4,7.3,32.7,22,0.2,0.2,1.9,7.2,21,22.2,0.1,0,0.9,10.7,96.2,17.5
01/02/2020,14:00,0.1,0,0.2,6.8,25.6,26.4,0.1,0.1,0.7,7.5,14.8,20.7,0.1,0,0.7,9.6,29.4,16.3
01/02/2020,15:00,0.1,0,0.1,5.4,24.8,20.4,0.1,0,0.6,6.6,21.1,12.8,0.1,0,0.5,7.8,27,17
01/02/2020,16:00,0.1,0,0.1,5.2,18.9,12.9,0.1,0.1,0.5,6,27.6,10.4,0,0,0.5,6.7,33.2,15.2
01/02/2020,17:00,0.1,0,0.1,5.2,28.9,9,0.1,0,0.4,5.7,19.2,10.5,0.1,-0.1,0.4,6.7,24.5,7.7
01/02/2020,18:00,0.1,0,0.1,5.1,33.2,6.7,0,0,0.4,5.7,28.4,10.3,0,0,0.4,6.2,33.1,7.8
01/02/2020,19:00,0.1,0,0.1,4.9,26.8,2,0,0,0.3,5.8,24.3,7.8,0,-0.1,0.2,5.8,34.6,11.2
01/02/2020,20:00,0,-0.1,0,4.8,32.2,5.2,0,0,0.3,5.6,30.1,8.9,0,-0.1,0.2,5.3,31.1,12
01/02/2020,21:00,0.1,0,0,4.3,55.3,7.4,0.3,0,0.9,3.9,49.5,11.2,0.1,-0.1,0.4,4.4,34.7,3.8
01/02/2020,22:00,0.1,0,0,3.5,40.6,3.6,0.6,0,1.6,2.1,46.9,16.5,1.2,-0.1,1.8,2.3,36.5,6.2
01/02/2020,23:00,0.1,0,0,3,41,7.7,0.2,0,0.8,2.4,41.6,14.4,1.2,0,2.5,1.1,39.9,5
01/02/2020,24:00,0.1,0,0,2.8,38.6,14.3,0.2,0,0.9,2.1,38.3,12.2,0.3,0,1.1,1.7,38.6,7.7
02/02/2020,01:00,0.1,0,-0.1,2.6,32.6,12.5,0.2,0,0.4,2.3,33.7,11.5,0.1,0,0.6,2,35.1,6.2
02/02/2020,02:00,,,,,32.9,10.4,,,,,29.4,8.5,,,,,34.6,14.3
02/02/2020,03:00,0,0,0,3.2,30.5,9.8,0,0,0,2.4,31.1,8.1,0.1,0,0.5,1.9,32.6,10.9
02/02/2020,04:00,0.1,0,0.2,2.5,45.4,14.8,0.1,0,0.5,1.8,35.1,14.6,0.1,0,0.2,1.8,32.4,13.8
02/02/2020,05:00,0,0,0,3.9,55.2,16.9,0.1,0,0.1,3.9,44.7,12,0.1,0,0,3.5,31.9,16.2
02/02/2020,06:00,0,0,0,3.8,58.5,31.1,0,0,0.3,3.7,61.9,16.5,0.1,0,0,3.5,58.8,27.5
02/02/2020,07:00,0,0,0.3,3.6,72.8,38,0.1,0,0.3,3.4,70.7,33.3,0,0,-0.1,3.2,79.5,44.3
02/02/2020,08:00,0,0,0,3.8,41,27.8,0,0,0.3,3.3,55.5,38.8,0,0,-0.1,3.1,68.3,48.7
02/02/2020,09:00,0,0,-0.1,3.5,23.2,25.6,0,0,0.3,3.3,37.5,31.9,0,0,0,3.2,55.7,44.3
02/02/2020,10:00,0,0,0,3.1,23.1,23,0,0,0.3,3.1,24.9,26.8,0,0,0,3.3,49.7,38
02/02/2020,11:00,0,0,0,3.1,21.1,14.3,0,0,0.2,3.2,32.2,21,0,0,0,3.6,38.2,25
02/02/2020,12:00,0,0,0,3,20.5,10.2,0.2,0.1,0.5,3.8,36.9,20.1,0.1,0,0,3.8,38.5,22.8
02/02/2020,13:00,0,0,0,2.9,23.3,11,0.2,0.1,0.4,3.6,38.3,25.1,0.1,0,-0.1,3.8,35.3,24
02/02/2020,14:00,0,0,-0.1,3.1,36.1,10.4,0.1,0.1,0.3,3.1,26.7,24.6,0,0,-0.1,3.3,29.7,21.6
02/02/2020,15:00,0,0,0,3.1,72.9,12.8,0.1,0.1,0.3,3.1,43.4,19.7,0,0,-0.2,3.4,41.1,17
02/02/2020,16:00,0,0,-0.1,2.6,84.7,11.1,0,0,0.2,2.6,64.9,22,0,0,-0.2,2.8,49.8,22
02/02/2020,17:00,0,0,0,2.7,63.5,5.2,0,0,0.4,2.3,43.8,22.2,0,0,-0.2,2.5,34,21
02/02/2020,18:00,0,0,0,2.4,33.5,8.3,0,0,0.2,2.3,25.7,14.5,0,0,-0.1,2.2,15.3,16
02/02/2020,19:00,0,0,0.2,2.1,18.4,8.7,0,0,0.2,2.1,14.9,12.4,0,0,-0.1,2.3,11.4,10.2
02/02/2020,20:00,0,0,0.1,2.2,5.7,7.5,0,0,0.5,2,6.2,8.2,0,0,0,2,2.9,8.1
02/02/2020,21:00,0,0,0.1,2.2,49.9,19.4,0,0,0.4,1.7,37.1,5.5,0,0,0.1,1.7,25.8,8.1
02/02/2020,22:00,0.1,0,0.5,1.7,29.5,26.1,0,0,0.3,1.7,20.8,3.9,0,0,0.1,1.8,9.7,9.4
02/02/2020,23:00,0,0,0.1,2,25.8,24.1,0,0.1,1.2,1,22.2,10.1,0,0,0,1.8,14.2,11.5
02/02/2020,24:00,0,0,0.1,2,26.7,23.7,0,0,0.6,1.5,20.6,8.4,0,0,0,1.6,19.1,9
03/02/2020,01:00,0,0,0.6,1.5,28.8,10.5,0,0,0.5,1.3,21.6,6.6,0,0,0.3,1.4,20.6,7.5
03/02/2020,02:00,,,,,30.8,9,,,,,23.6,10.1,,,,,21.9,4
03/02/2020,03:00,0.1,0,0.6,2.1,23.7,13.4,0,0,0.2,1.7,16.2,9,0,0,0.8,1.2,14.8,5.9
03/02/2020,04:00,0,0,0.8,1.2,15.6,6.1,0,0,0.3,1.4,14.5,5.2,0,0.1,1.1,0.8,12.6,6.1
03/02/2020,05:00,0.1,0,0.9,0.9,7.7,5.2,0,0.1,0.8,1,10.4,2.8,0,0.1,1.1,0.6,7,6.3
03/02/2020,06:00,0.1,0,0.3,1.6,5.4,18.4,0,0.9,1.6,0.3,15,-0.1,0,0.6,1.5,0.3,15.5,6.9
03/02/2020,07:00,0.1,0.1,0.6,1.4,16,14.8,0.1,2.2,2,0.3,13.1,10.5,0,0.5,1.4,0.3,15.2,5.8
03/02/2020,08:00,0,0.1,0.6,1.4,4.2,7.6,0.1,3,2.2,0.3,20.3,11.5,0,1.3,1.6,0.3,16.3,7
03/02/2020,09:00,0.1,0,0.3,1.7,7.9,4.1,0.1,2.2,2.1,0.3,13,9.6,0,0.9,1.3,0.7,17.3,7.4
03/02/2020,10:00,0.1,0.1,0.3,1.9,12.6,3.3,0.1,1.4,1.8,0.6,16.4,9.6,0,0.7,1.1,1,,7.7
03/02/2020,11:00,0.1,0.5,0.8,1.8,,4.4,0.1,1.2,1.5,0.9,20.6,10.8,0,0.6,1.3,1.9,,13.9
03/02/2020,12:00,0.3,0.5,1,3,,9.5,0.1,0.3,0.6,2.6,,10,0,0.2,0.6,3.9,8.6,11.7
03/02/2020,13:00,0.1,0,0.1,4.4,49.5,8.6,0,0.1,0.7,5.1,-1.2,1.1,0,0.1,0.5,5,,11.3
03/02/2020,14:00,0.1,0,0.1,5.2,21,2.1,0,0,0.4,6.3,,-6.5,0,0,0.3,5.4,14.6,8.9
03/02/2020,15:00,0.1,0,0,5.7,5.9,14.1,0.1,0.6,1.8,4.2,85,-5.4,0,0,0.4,5,,8.1
03/02/2020,16:00,0.1,0,0,5.9,-3.9,12,0.1,0.5,1.9,5,-8,10.2,0.1,0.1,0.8,5.9,118.6,8.5
03/02/2020,17:00,0.1,0,0,5.4,24.2,6.8,0.1,0,0.5,5.7,17.3,13.2,0,0,0.4,5.2,16.5,13.4
03/02/2020,18:00,0,0,0,3.7,55.6,12.5,0,0,0.3,3.9,58.5,14.3,0,0,0.2,3.3,68.1,
03/02/2020,19:00,0,0,-0.1,2.5,31.4,21.3,0,0,0.2,2.4,31.8,20.2,0,0,0.1,2.3,38.2,23.6
03/02/2020,20:00,0,0,-0.1,2.4,34,26,0,0,0.2,2.3,32,21.8,0,0,0,2.2,34.9,20.7
03/02/2020,21:00,0,0,-0.1,2.4,49,21.6,0,0,0.2,2.3,45.8,25.3,0,0,0.1,2.3,71.2,31.6
03/02/2020,22:00,0,0,0,2.4,62.4,27.5,0,0,0.2,2.3,56.3,28.6,0,0,0.2,2.2,85.3,52.3
03/02/2020,23:00,0,0,0,2.4,92.8,47,0,0,0.3,2.3,77,44.4,0,0,0.1,2.2,70.7,52.7
03/02/2020,24:00,0,0,0,2.3,42.9,51.8,0,0,0.1,2.3,54.2,48.6,0,0,0,2.2,44.4,39.6
04/02/2020,01:00,0,0,-0.1,2.2,19.2,26.5,0,0,0.1,2.2,21.9,30.2,0,0,0,2.2,31.3,30.4
04/02/2020,02:00,,,,,36.6,15.6,,,,,27,19.5,,,,,19.3,21.2
04/02/2020,03:00,0,0,0.1,2,25.7,17.6,0,0,0.2,1.6,23.1,12.2,0,0,0.1,1.9,22.1,10.1
04/02/2020,04:00,0,0,0,1.9,24.1,13.5,0,0,0,1.8,18.9,12.5,0,0,0.1,1.7,28.6,8.8
04/02/2020,05:00,0,0,0,1.9,31.4,15.3,0,0,0.2,1.7,30.2,11.9,0,0.2,0.4,1.4,48,7.2
04/02/2020,06:00,0,0,0.1,1.7,44.3,11.9,0,0.1,0.5,1.3,35.6,12,0.1,0.4,0.9,0.8,48.6,22.8
04/02/2020,07:00,0,0.1,0.4,1.4,52.5,9.6,0,0.3,0.7,1,42.4,19.7,0.1,0.7,1,0.7,47.5,27.1
04/02/2020,08:00,0,0.1,0.3,1.5,43.8,25.5,0,0.2,0.6,1.3,45.3,26.4,0.1,0.6,0.8,1.1,51.4,32.2
04/02/2020,09:00,0,0.1,0.3,1.8,43.7,28.1,0,0.2,0.4,1.9,44.5,25.9,0.1,0.4,0.7,1.7,,30.2
04/02/2020,10:00,0,0.1,0.2,,42.7,20,0,0.2,0.3,2.3,45.7,25.3,0,0.2,0.3,2.3,,24.5
04/02/2020,11:00,,,,,54.2,16.3,0,0.2,0.4,2.4,49.1,23.7,0,0.2,0.2,2.4,36.1,25.9
04/02/2020,12:00,,,,,67.9,,0,0.2,0.4,2.6,57.2,25.7,0,0.1,0.2,2.7,45.5,26.2
04/02/2020,13:00,,0,0,2.1,48.9,,0,0.1,0.4,2.7,49.6,28.6,0,0.1,0.3,2.7,47.2,31.3
04/02/2020,14:00,,0,-0.1,2.4,,,0,0.1,0.7,2.4,43.5,30.8,0,0.1,0.3,2.6,44.4,28
04/02/2020,15:00,,0,0,2.6,,,0,0.2,0.8,2.5,39.9,25.8,0,0.1,0.3,2.8,45,25.5
04/02/2020,16:00,0.2,0,-0.1,2.2,,-1.8,0,0.1,0.5,2.4,35.2,27.3,0,0.1,0.3,2.7,44.3,24
04/02/2020,17:00,0.2,0,-0.1,2.2,11,-7,0,0.1,0.3,2.3,21.4,16,0,0.1,0.3,2.1,23.8,21.5
04/02/2020,18:00,0.2,0,-0.1,2.1,12.6,,0,0.1,0.3,2.1,21.6,12,0,0.1,0.4,1.8,20.1,14.4
04/02/2020,19:00,0.2,0,-0.1,2.2,13.5,-7.4,0,0,0.3,2,16,7,0,0.1,0.6,1.6,20.6,11.7
04/02/2020,20:00,0.2,0,-0.1,2.2,14,8.1,0,0,0.2,2.1,16.7,7.1,0,0,0.6,1.5,17.6,8.9
04/02/2020,21:00,0.2,0,-0.1,2.2,13.6,9.2,0,0,0.3,2,25.2,6.3,0,0,0.6,1.5,15.6,6.7
04/02/2020,22:00,0.2,0,-0.1,2.1,12.2,6.9,0,0,0.1,2.1,17.1,2.2,0,0,0.4,1.6,15.7,4.6
04/02/2020,23:00,0.2,0,-0.1,2.1,18.9,4.8,0,0,0.2,1.9,13.4,1,0,0,0.3,1.6,12.9,3.7
04/02/2020,24:00,0.2,0,-0.2,2.1,14.5,-7.9,0,0,0.1,1.9,8.8,0.6,0,0,0.6,1.3,10.9,4.1
05/02/2020,01:00,0.2,0,-0.1,2.2,16.6,,0,0,0.1,1.9,6.9,4.3,0,0.1,1,0.7,11.4,2.8
05/02/2020,02:00,,,,,11.6,,,,,,13.1,1.8,,,,,9.5,5.1
05/02/2020,03:00,0.2,0,-0.1,2.1,9.4,,0,0,0.3,1.5,4.5,2,0,0.5,1.4,0.4,11.4,3.1
05/02/2020,04:00,0,0,-0.1,1.9,9.9,3.8,0,0,0.3,1.4,13.2,0.2,0,2,1.8,0.1,16.3,3.1
05/02/2020,05:00,0,0,0.2,1.4,9.8,15.5,0,0,0.3,1.3,11.1,-4,0.1,4.2,1.7,0.1,19.2,5.8
05/02/2020,06:00,0,0.3,1.1,0.5,12.7,14.4,0,0.1,0.9,0.5,14.5,-0.2,0.1,7.1,2.1,0.1,25.6,3.8
05/02/2020,07:00,0.1,3.4,1.4,0.3,22.3,8,0,1.6,1.3,0.4,16.4,1.6,0.1,5.5,2,0.3,55.3,9.1
05/02/2020,08:00,0,1.8,1.2,0.8,19.8,9.2,0.1,2.3,1.4,0.6,13.7,2.6,0.1,1.1,1.1,1,17.9,9.6
05/02/2020,09:00,0.1,1,0.8,1.4,16.5,5.4,0.1,0.9,0.9,1.3,13.1,2.2,0.1,1.1,1.1,1.2,17.5,8.4
05/02/2020,10:00,0.1,0.2,0.2,2.1,19.7,11.8,0.1,0.6,0.7,1.8,15.4,1.7,0.1,0.3,0.5,2.1,13.5,8.6
05/02/2020,11:00,0,0.3,0.2,2.3,39.4,13.6,0,,,,22.8,0.8,0.1,0.2,0.5,2.4,15.4,7.8
05/02/2020,12:00,0,0.1,0.1,2.7,15.7,6.2,,,,,23.7,-1.1,0,0.2,0.5,2.4,19,4.9
05/02/2020,13:00,0,0,-0.1,2.8,14.8,-3,0,1.4,1.1,1.2,25,,0,0.2,0.4,2.5,21.3,2.1
05/02/2020,14:00,0,0,-0.1,2.8,14,-0.5,0,0.4,0.4,1.7,,,0,0.2,0.4,2.4,19.9,3.9
05/02/2020,15:00,0,0,-0.1,2.4,14.8,-9.5,0,0.2,0.1,1.8,,,0,0.1,0.3,2.3,14.1,5.9
05/02/2020,16:00,0,0.1,-0.1,2.2,16,-9.3,0,0.2,0.1,1.9,,,0,0.1,0.2,2,15.2,4.6
05/02/2020,17:00,0,0,-0.1,2.1,17.3,-5.7,0,0.1,0.1,2,-6.3,8.3,0,0.1,0.3,2,14.7,1.4
05/02/2020,18:00,0,0,0,2,20.3,4.2,0,0.1,0.2,1.8,0,4.1,0,0.1,0.4,1.7,15.1,5.3
05/02/2020,19:00,0,0,0,1.9,17.1,12,0,0.7,1,1,4.4,3.4,0,0.1,0.6,1.5,15.3,0.7
05/02/2020,20:00,0,0,0,1.9,20.6,14.7,0,0.1,0.6,1.5,8,4.3,0,0.2,1.3,0.9,16.4,2.5
05/02/2020,21:00,0,0,0.1,1.9,15.8,12.6,0,0,0.3,1.9,6.3,3.8,0,1.1,2,0.4,16.1,1.9
05/02/2020,22:00,0,0,-0.1,2,15.1,11.7,0,0,0.2,1.8,6.9,1.7,0,0.7,1.7,0.4,13.1,1.7
05/02/2020,23:00,0,0,-0.2,2.1,10.8,4.1,0,0,0.4,1.6,7.9,2.2,0,0.3,1.6,0.4,13.4,3.4
05/02/2020,24:00,0,0,-0.1,2.1,9.7,5.8,0,0,0.4,1.7,9.3,2.4,0,0.1,1.1,0.9,12.7,6.5
06/02/2020,01:00,0,0,0,1.6,5.9,2.5,0,0,-0.1,2.1,2.2,3.8,0,0.1,1,0.8,10.2,10.2
06/02/2020,02:00,,,,,4.9,-1,,,,,3.3,1.5,,,,,7.7,8.2
06/02/2020,03:00,0,0,0,1.7,8.1,-4,0,0.3,0.9,0.9,5.6,0.7,0,0.1,0.8,1,9.5,4.4
06/02/2020,04:00,0,0,0.1,1.5,8.6,1.7,0.1,0.1,1.3,0.6,8.3,1.6,0,0.1,0.8,0.9,7.7,3.4
06/02/2020,05:00,0,0,0.1,1.4,9.7,13.7,0.1,0.1,1.3,0.5,9.2,10.4,0,0.2,0.9,0.8,8.5,2.6
06/02/2020,06:00,0,0,0.1,1.7,15.6,17.6,0,0.1,0.6,1.3,8.8,14.3,0,0.3,1.2,0.4,8.5,3.6
06/02/2020,07:00,0,0.1,0.2,1.5,16.9,11.6,0,1.8,1.6,0.5,13.8,9.9,0,1,1.5,0.4,10.2,3.8
06/02/2020,08:00,0,0,-0.1,2,21.5,5.7,0,0.6,1,1,18.9,5.4,0,2,1.7,0.3,21.4,5.4
06/02/2020,09:00,0,0,-0.2,2.1,22,4.9,0,0.4,0.7,1.4,19,4.8,0,0.8,1.2,0.7,18.9,4.1
06/02/2020,10:00,0,0,-0.2,2.1,24.5,0.3,0,0.3,0.5,1.4,15,3.2,0,0.4,0.7,1.1,13.9,1.3
06/02/2020,11:00,0,0.1,-0.1,2.1,23,-7.8,0,0.4,0.4,1.6,16.7,1.4,0,0.6,0.8,1.1,13.2,2.2
06/02/2020,12:00,0,0,-0.2,2.2,16.7,4.7,0,0.7,0.8,1.3,17,5.7,0,0.3,0.6,1.4,14,5.1
06/02/2020,13:00,0,0,-0.2,2.1,17.8,0,0,0.8,0.7,1.3,16.2,8.5,0,0.4,0.6,1.4,13.4,4.9
06/02/2020,14:00,0,0,-0.1,2.1,19.5,-1.7,0,0.5,0.5,1.6,16.7,7.7,0,0.3,0.5,1.4,15.6,3.6
06/02/2020,15:00,0,0,-0.2,2,17.3,3.8,0,0.6,0.7,1.3,16,6.6,0,0.3,0.5,1.4,13.6,3.6
06/02/2020,16:00,0,0,-0.2,2,15.2,9,0,0.3,0.5,1.5,16.2,3.4,0,0.4,0.8,1.1,15.9,3.8
06/02/2020,17:00,0,0,-0.2,2.1,13.9,8.4,0,0.2,0.5,1.5,13.2,5.2,0,0.2,0.7,1.2,11.1,7.3
06/02/2020,18:00,0,0,0,1.9,16,-0.5,0,0.3,0.8,1.2,11.3,4.5,0,0.2,0.7,1.2,11.9,6.7
06/02/2020,19:00,0,0,-0.2,2.1,22.9,-7.2,0,0.1,0.8,1.2,19.3,2.5,0,0.4,1.3,0.6,14.8,3.1
06/02/2020,20:00,0,0,-0.2,2.1,20.9,-1.3,0,0,0.2,1.9,15.4,5,0,0.3,1.3,0.6,14.3,3.3
06/02/2020,21:00,0,,,2.2,16.2,-8.5,0,0,0.2,1.9,9.4,-2.1,0,0.1,0.6,1.2,10.2,4.5
06/02/2020,22:00,0,,,2.1,18.5,-6.1,0,0,0.2,1.9,9.9,-7.7,0,0.1,0.8,1,10.6,4.8
06/02/2020,23:00,0,,,2.3,21.9,0.1,0,0,0,1.8,6.7,-2.7,0,0.3,1.3,0.5,9.6,2.5
06/02/2020,24:00,0,,,2.4,22,8.1,0,0,-0.1,2.2,8.8,1.4,0,0.2,0.9,1,8,-0.9
07/02/2020,01:00,0,,,2.3,26.6,7.6,0,0,-0.2,2.4,11.4,0,0,0.2,0.5,1.6,7.2,9.5
07/02/2020,02:00,,,,,29.3,11,,,,,14.4,1.8,,,,,8.1,7.9
07/02/2020,03:00,0,0,-0.1,2.5,32.6,6.5,0,0,0,2.3,21.4,3.2,0,0.1,0.5,1.4,15.1,3
07/02/2020,04:00,0,0,-0.2,2.9,23,12.4,0,0,-0.1,2.9,13.2,5.3,0,0.1,0.6,1.8,8.7,4.1
07/02/2020,05:00,0,0,0,3,23.2,14.5,0,0,0.1,2.9,8.7,0.3,0,0.1,0.6,2,7.9,3.8
07/02/2020,06:00,0,0,-0.1,3.2,23,8,0,0,0.7,2.4,12.2,3.1,0,0,0.8,2,8.2,4.8
07/02/2020,07:00,0,0,-0.1,2.9,19.3,2.7,0,0.1,1.3,1.8,7.9,0.6,0,0.1,1.4,1.4,7.3,2.7
07/02/2020,08:00,0,0,-0.1,3.1,23.8,-0.1,0,0.1,1,2,9.7,1.1,0,0.2,1.4,1.4,8.9,-0.3
07/02/2020,09:00,0,0,-0.1,3.1,23.7,5.9,0,0.1,0.8,2.2,9.8,1.1,0,0.2,1.2,1.5,10,-4.5
07/02/2020,10:00,0,0,-0.2,3,27.6,2.1,0,0.2,0.7,2.3,13.9,4.4,0,0.4,1.1,1.8,11,-4.1
07/02/2020,11:00,0,0,-0.2,3,24.2,-0.2,0,0.1,0.6,2.4,6.9,5.6,,,,,10.7,3.2
07/02/2020,12:00,0,0,-0.2,2.9,23.2,6.9,0,0.2,1,2,11.3,2.2,,,,,8.2,8.2
07/02/2020,13:00,0,0,-0.2,2.6,25.5,3.2,0,0.4,1.1,1.7,14.4,6.5,0,0.6,1.3,1.3,9.4,3.5
07/02/2020,14:00,0,0,-0.2,2.5,28.4,8.5,0,0.2,0.7,1.8,14.1,13.8,0,0.5,1.2,1.2,10.5,1.1
07/02/2020,15:00,0,0,-0.2,2.7,31.4,4.2,0,0.1,0.4,2,15.7,6.3,0,0.3,0.5,1.7,13.5,-0.2
07/02/2020,16:00,0,0,-0.2,3,25.4,5.6,0,0.1,0.5,2.4,12.7,3.1,0,0.2,0.6,1.9,10.1,7.9
07/02/2020,17:00,0,0,-0.2,3.1,21.6,8.7,0,0.1,0.5,2.5,15.6,3.6,0,0.2,0.6,2.1,11.4,1.5
07/02/2020,18:00,0,0,-0.2,3,22.6,3.1,0,0.1,0.5,2.4,19.7,3.6,0,0.2,0.9,1.8,17.1,0
07/02/2020,19:00,0,0,-0.2,2.8,20.8,4.9,0,0,0.3,2.5,17.7,6,0,0.1,0.6,1.9,13.1,4.3
07/02/2020,20:00,0,,,3.1,19.4,2.8,0,0,0.2,2.7,15.4,3.4,0,0,0.4,2.1,12.3,4
07/02/2020,21:00,0,0,-0.2,2.8,21,0.2,0,0,0.3,2.5,15.8,12.6,0,0.1,0.9,1.7,14.2,6.5
07/02/2020,22:00,0,,,2.8,17.2,2.2,0,0,0.1,2.5,9.8,24.5,0,0,0.6,1.8,12.4,4.1
07/02/2020,23:00,0,,,2.8,15.4,2.2,0,0,0,2.6,8,12.7,0,0,0.3,2,8.3,2.4
07/02/2020,24:00,0,,,2.7,20.3,4.8,0,0,0,2.5,13.6,-0.6,0,0,0.1,2,9.8,0.3
08/02/2020,01:00,0,0,-0.2,2.7,16.2,-1.3,0,0,-0.1,2.7,5.6,-1.4,0,0,0,2.3,4.8,-2.3
08/02/2020,02:00,,,,,20.3,3.1,,,,,10.8,-0.1,,,,,6.1,-0.4
08/02/2020,03:00,0,0,-0.1,2.7,23.6,7.3,0,0,0.2,2.4,18,1,0,0,0.2,2.1,10,0.7
08/02/2020,04:00,0,0,-0.2,2.8,26.3,6.8,0,0,0.1,2.7,13.8,3.4,0,0,0.1,2.2,8.3,1.4
08/02/2020,05:00,0,0,-0.2,2.9,30,8,0,0,0.1,2.8,17.4,7.4,0,0,0.4,1.9,13.7,0.8
08/02/2020,06:00,0,0,-0.2,2.8,30,8.8,0,0,0.2,2.6,19.9,7.2,0,0,0.7,1.5,18,2.6
08/02/2020,07:00,0,0,-0.2,2.7,30.2,6.1,0,0,0.4,2.3,19.3,5.6,0,0.1,1,1.3,19.7,3.3
08/02/2020,08:00,0,0,-0.1,2.7,25.4,7.2,0,0.2,0.7,1.9,18.9,6.9,0,0.1,0.5,1.8,18.2,3.1
08/02/2020,09:00,0,0,-0.1,2.6,26.8,9.4,0,0.3,0.7,1.9,16.7,3.9,0,0.1,0.3,2,9.4,3.5
08/02/2020,10:00,0,0,-0.2,2.8,25.9,3.6,0,0.1,0.3,2.5,19.7,4.2,0,0.2,0.5,2,11.4,0.8
08/02/2020,11:00,0,0,-0.2,2.6,28.9,3.8,0,0.1,0.2,2.5,20.7,4.5,0.1,0.2,0.4,2.1,16.6,3.1
08/02/2020,12:00,0,0,-0.2,2.7,17.6,1.9,0,0.1,0.3,2.4,10.8,5.6,0,0.1,0.1,2.1,8.3,10.4
08/02/2020,13:00,0,0,-0.2,2.6,18.3,15.4,0,0.2,0.5,2.1,11.1,4.6,0,0.1,0.1,2.1,8.4,4.8
08/02/2020,14:00,0,0,-0.1,2.3,27.1,12.6,0,0.1,0.4,2.1,12.8,7.5,0,0.1,0.2,2,7.3,2
08/02/2020,15:00,0,0,-0.2,1.9,35,8.6,0,0.1,0.4,1.6,20.7,7.5,0.1,0.2,0.4,1.4,21.6,-1.7
08/02/2020,16:00,0,0,-0.2,2.1,31.9,8.2,0,0.1,0.2,1.8,20.1,4.2,0,0.1,0.1,1.7,13.8,8
08/02/2020,17:00,0,0,-0.2,1.9,31.9,10.3,0,0,0.2,1.7,19.9,6.9,0,0.1,0.3,1.3,12.4,-0.5
08/02/2020,18:00,0,0,-0.2,2.1,21.7,13.5,0,0,0.2,1.9,10.5,5.9,0,0,0.1,1.6,12.5,-0.1
08/02/2020,19:00,0,0,-0.2,2,26.9,8.4,0,0,0.3,1.7,19.7,2.4,0,0,0.3,1.4,13.4,-1.5
08/02/2020,20:00,0,0,-0.2,1.8,30.1,8.4,0,0,0.2,1.6,24.3,3.3,0,0,0.3,1.2,16.3,3.6
08/02/2020,21:00,0,0,-0.2,1.7,32.6,3.2,0,0,0.2,1.5,25.5,11.7,0,0.1,0.5,0.9,20.3,3.6
08/02/2020,22:00,0,0,-0.2,1.7,34.9,12.3,0,0,0.1,1.6,26.4,12.7,0,0,0.4,1,22,4.6
08/02/2020,23:00,0,0,-0.2,1.8,32.3,10.4,0,0,0.1,1.6,24.2,10,0,0,0.2,1.2,19.5,4.5
08/02/2020,24:00,0,0,-0.2,1.8,35.5,9.9,0,0,0.1,1.6,24.6,6.5,0,0,0,1.3,15,4.6
09/02/2020,01:00,0,0,-0.2,1.8,32.2,5.2,0,0,0,1.7,26.7,5.9,0,0,0,1.4,20.8,6.2
09/02/2020,02:00,,,,,36.3,4.8,,,,,23.8,5.2,,,,,19.9,5.4
09/02/2020,03:00,0,0,-0.1,2.1,35.3,9.4,0,0,0,1.9,22.3,4.1,0,0,0,1.6,18.9,4.9
09/02/2020,04:00,0,0,-0.2,2,44.3,11.4,0,0,0,1.9,23.7,5.2,0,0,0,1.6,18.3,2.6
09/02/2020,05:00,0,0,-0.2,2.1,38.9,6.9,0,-0.1,0,2,23.8,7.7,0,0,0.1,1.5,21.2,4
09/02/2020,06:00,0,0,-0.2,2.1,43,1.9,0,0,0,2.1,20.5,7.5,0,0,0,1.8,17.4,4
09/02/2020,07:00,0,0,-0.2,2.2,42.4,-4.7,0,0,0,2.1,18.4,-0.7,0,0,-0.2,1.9,17.1,4.5
09/02/2020,08:00,0,0,-0.1,2.2,41.8,6.1,0,0,0,2.1,14.8,3.1,0,0,-0.2,2,13.5,2.6
09/02/2020,09:00,0,0,-0.2,2.2,40.3,15.6,0,0,0.1,2,14.6,3.2,0,0,-0.1,1.9,11.7,2.2
09/02/2020,10:00,0,0,-0.2,2.2,45.9,14,0,0,0.1,2.1,18.1,1.2,0,0,-0.1,1.9,14.1,0.3
09/02/2020,11:00,0,0,-0.2,2.2,43,15.6,0,0,0.1,2.1,19.4,4.4,0,0,0,1.8,12.1,4.9
09/02/2020,12:00,0,0,-0.2,2.3,46.3,9.4,0,0,0.1,2.1,20.2,2.8,0,0,0,1.9,14.3,3.9
09/02/2020,13:00,0,0,-0.2,2.3,55.4,6.7,0,0,0.1,2.1,18.1,-2.7,0,0,0,1.9,12.8,2.7
09/02/2020,14:00,0,0,-0.2,2.3,51.2,7,0,0,0.1,2.1,13.1,-6.2,0,0,0,1.9,8.3,2.4
09/02/2020,15:00,0.1,0,-0.2,2.3,48.4,3.1,0,0,0.1,2.1,20.1,0.2,0,0,0,1.9,14.3,0.9
09/02/2020,16:00,0.1,0,-0.2,2.2,51.2,3.2,0,0.3,0.4,1.7,19.4,4.7,0,0,0,1.9,12,1.3
09/02/2020,17:00,0.1,0,-0.2,2.2,45.7,5.3,0,0.2,0.4,1.7,19.4,5.4,0,0,0,1.9,9.6,9.6
09/02/2020,18:00,0,0,-0.2,2.3,33.8,-4.2,0,0.4,0.6,1.5,12.1,6.9,0,0,0.1,1.6,7.9,7.4
09/02/2020,19:00,0,0,-0.2,2.3,26.4,0,0.1,0.2,0.5,1.7,11.1,4.2,0,0,0.1,1.7,5.2,3.8
09/02/2020,20:00,0,0,-0.2,2.3,52.9,5.5,0.1,0.4,0.6,1.5,21.3,3.2,0,0,0.1,1.7,11.4,4.1
09/02/2020,21:00,0,0,-0.2,2.3,49.5,14.6,0,0.2,0.3,1.8,28.2,2.6,0,0,0,1.8,16,1.3
09/02/2020,22:00,0,0,-0.2,2.3,44.7,18.4,0.1,1.1,1.4,0.8,35.8,4.7,0,0,-0.1,1.9,22.2,2.9
09/02/2020,23:00,0,0,-0.2,2.2,33.1,,0.1,0.9,1.2,0.9,29.4,7.5,0,0,0,1.8,18,4.3
09/02/2020,24:00,0,0,-0.2,2.2,34.9,,0.1,0.2,0.4,1.6,15.3,8.9,0,0,-0.1,1.8,10,3.7
10/02/2020,01:00,0,0,-0.2,2,36.1,-0.4,0,-0.1,0,2,11.2,2.3,0,0,0,1.7,7.9,5.9
10/02/2020,02:00,,,,,21.7,8.2,,,,,14,2.6,,,,,11.4,5.7
10/02/2020,03:00,0,0,0,2.3,25,4.3,0,0,0,2.4,17,1.3,0,0,0.8,1.2,11.3,1.5
10/02/2020,04:00,0,0,-0.1,2.1,19.1,3.3,0,0.4,0.7,1.4,18.7,3.9,0,0,0.8,1,18.4,1.3
10/02/2020,05:00,0,0,0,2,12.9,4.2,0,0,0.1,2,19.5,8.7,0,0.2,1,0.9,16.5,3.4
10/02/2020,06:00,0,0,0.1,1.9,17,10.1,0,0.1,0.6,1.2,16.3,10,0,0.4,1.4,0.3,9.9,3.9
10/02/2020,07:00,0,0,0.3,2.1,17.8,23.2,0,0.5,1.1,0.8,13.2,4.6,0,1.2,1.5,0.3,12.3,3.7
10/02/2020,08:00,0,0.2,0.6,1.6,13.3,16,0,0.7,1.1,0.9,14.6,3.2,0.1,0.9,1,0.6,16,2.7
10/02/2020,09:00,0,0.2,0.3,2.3,15.5,7.6,0,0.6,0.7,1.5,11.5,4,0,0.7,0.7,1.2,12,0.1
10/02/2020,10:00,0,0.1,0.1,2.9,20.1,8.6,0,0.7,0.8,2,12.7,4.7,0,0.2,0.5,1.8,6.9,6.1
10/02/2020,11:00,0,0.2,0.1,2.9,13.5,4.9,0,0.1,0.2,3,9.2,2,0,0.2,0.4,2.2,6.4,6.6
10/02/2020,12:00,0,0.1,0,3,13.8,2,0,0.1,0.2,3.1,9.7,2.4,0,0.1,0.2,2.9,7.4,4.1
10/02/2020,13:00,0,0.1,0,3.1,33.5,9,0,0.1,0.2,3.5,11.4,3.5,0.1,0,0.2,3.9,10.6,3.5
10/02/2020,14:00,0,0,-0.1,3.1,20.9,12.9,0.1,2.9,1.9,1.9,19.3,5.2,0.1,0,0.2,4.8,15,5.5
10/02/2020,15:00,0,0,-0.1,3.1,17.6,8.5,0.1,6.1,2.8,0.9,19.2,6.8,0.1,0.1,0.4,4.6,15.2,11.2
10/02/2020,16:00,0,0,-0.1,2.9,25.4,,0,1.8,1.5,1.4,14.9,7.1,0,0.1,0.5,3.4,18,7
10/02/2020,17:00,0,0,0,2.7,32.4,1.5,0,1.9,1.4,1.7,19.5,6.5,0,0.2,0.6,2.1,13.9,1.9
10/02/2020,18:00,0,0.1,0.2,2.7,36.9,14.2,0,1.2,1.2,1.7,18.7,6.1,0,0.1,0.5,2.1,12.3,3.9
10/02/2020,19:00,0,0,0.1,2.8,33.8,,0,0.1,0.9,2.2,20.8,5.5,0,0,0.6,2,15.5,2.6
10/02/2020,20:00,0,0,0.1,3,37.9,-7,0,0,0.6,2.5,22.2,7.3,0,0,0.7,2,18.1,3.4
10/02/2020,21:00,0,0,0.3,3.1,31,7.5,0,0,0.6,2.7,22.6,-0.7,0,0,0.8,1.8,18,3.4
10/02/2020,22:00,0,0,0.1,3.5,27.1,10.3,0,0,1,2.1,22.8,-1.4,0,0,0.9,1.3,19,4.8
10/02/2020,23:00,0,0,0.1,3.7,14.7,1.5,0.2,0,0.5,2.7,17.9,2,0,0.1,1.1,1.2,18.6,4.7
10/02/2020,24:00,0,0,0,3.8,14.6,4.7,0,0,0.2,3.5,13.1,5.2,0.1,0.1,1.5,0.9,17.3,4.9
11/02/2020,01:00,0,0,0,3.6,11.2,4.4,0,0,0.2,3.4,11.5,6,0.1,0,1.3,1.2,15.8,10.5
11/02/2020,02:00,,,,,20.6,4.5,,,,,11.7,0.8,,,,,15.6,10.9
11/02/2020,03:00,0,0,0,3.4,28.2,6.1,0.1,0,0.2,3.3,13.3,0.4,0,0,0.6,2.3,12.1,5.3
11/02/2020,04:00,0,0,-0.1,3.4,15.4,5.1,0.1,0,0.3,3.1,14,4.2,0,0,1,1.7,13.3,2.5
11/02/2020,05:00,0,0,0,3.2,25.9,9.3,0,0,0.5,2.8,14.6,-2.1,0,0,1.2,1.2,15.8,3.7
11/02/2020,06:00,0,0,0.4,2.9,37.8,4.5,0,0,0.7,2.3,15.5,-6.8,0,0.2,1.9,0.5,15.7,4.8
11/02/2020,07:00,0,0.1,0.8,2.5,19.9,4.1,0.1,0.2,1.1,1.6,19.2,0.8,0.1,2.7,1.9,0.5,28.6,3.1
11/02/2020,08:00,0,0.6,1.4,1.9,19,13.6,0.3,0.8,1.3,1.2,24,1.2,0.2,0.7,1.5,1.3,22.2,6.7
11/02/2020,09:00,0.5,1.5,1.6,1.6,24.6,12.5,0.3,1.5,1.8,1.3,26.9,0.6,0.5,1.1,1.4,1.7,24.1,15.3
11/02/2020,10:00,0.5,1.3,1.7,2.1,24.7,9.6,0.4,1,1.6,2.1,21.8,3.4,0.4,0.7,1.3,2.4,18.5,14.5
11/02/2020,11:00,0.4,0.9,1.6,2.8,27.2,8.7,0.3,0.7,1.6,2.8,21.9,13.5,0.4,0.3,1,3.5,19.2,12.3
11/02/2020,12:00,0.3,0.8,1.6,3,36,-1.2,0.2,0.3,1.2,4.3,24.5,11.4,0.2,0.1,0.6,5,24.5,10.5
11/02/2020,13:00,0.2,0.4,0.8,3.4,30.7,1.1,0.2,0.5,1.5,5.1,23.6,13.4,0.1,0.1,0.5,6.1,16,11.2
11/02/2020,14:00,0.1,0,0.1,4.9,26.6,21.7,0.2,0.5,1.7,4.1,26.8,13.5,0.1,0.1,0.8,5.7,31.4,13.2
11/02/2020,15:00,0.4,0.1,0.3,4.9,17.5,24.6,0.4,0.2,1,5,15.1,13.4,0.2,0.1,0.7,5.9,23.2,9.9
11/02/2020,16:00,0.4,0.1,0.3,4.4,41.1,16.8,0.6,0.2,1,4.4,21.6,6.2,0.6,0.1,0.7,5.4,13.7,10.4
11/02/2020,17:00,0,0,0,3.1,17,21.3,0,0.1,0.4,3.1,19.4,5,0.2,0.1,0.5,4,17.4,13.4
11/02/2020,18:00,0,0,0,2.8,17.8,15.6,0,0.1,0.3,2.6,16.5,5.4,0,0.1,0.4,2.4,16.6,12.8
11/02/2020,19:00,0,0,0.1,3.2,20.9,2.7,0,0,0.3,3,18.9,5.5,0,0.1,0.4,2,15,7.2
11/02/2020,20:00,0,0,0.2,3,24,3.9,0,0,0.2,3.1,18.4,3.3,0,0.1,0.6,2.1,15.1,4.5
11/02/2020,21:00,0,0,0,2.9,29.1,5.3,0,0,0.2,2.8,18.4,1.3,0,0.2,0.9,1.8,16.6,4.3
11/02/2020,22:00,0,0,0,2.7,26.3,0.6,0,0,0.1,2.4,15.5,1.9,0,0.1,0.6,1.7,12.9,2.6
11/02/2020,23:00,0,0,0,2.3,13.7,6.7,0,0,0.1,2,13.1,2.2,0,0.3,0.8,1.2,10.3,2.2
11/02/2020,24:00,0,0,0,2,12.3,3.4,0,0,0.1,1.9,11.5,2.2,0,0,0.1,1.5,10.1,3
12/02/2020,01:00,0,0,0,1.9,19.7,-6,0,0,0.2,1.6,12.8,0.9,0,0.1,0.4,1.1,10.8,-1
12/02/2020,02:00,,,,,20.6,0,,,,,15.5,2.6,,,,,13.2,2
12/02/2020,03:00,0,0,0.1,2.1,22,7.2,0,0.1,0.8,1,14.9,3.2,0.1,0.1,0.7,1,15.9,2.3
12/02/2020,04:00,0,0,0,1.8,27,0.2,0,0.1,0.7,1.1,12.3,5,0,0,0.5,1.1,16.6,5
12/02/2020,05:00,0.1,0,0.3,1.5,25.8,-3.6,0,0.1,0.8,0.8,9.7,4.3,0,0.1,0.6,0.8,12.5,3.6
12/02/2020,06:00,0,0,0.4,1.3,25,12.5,0,0.3,1.2,0.5,11,7.2,0,0.6,1.3,0.4,17.1,2.3
12/02/2020,07:00,0,0,0.2,1.7,24.1,-8.1,0,1.1,1.5,0.5,21.6,3.9,0,0.4,0.9,0.9,18.2,4
12/02/2020,08:00,0,0.1,0.1,1.9,16.7,14.2,0,0.6,0.9,1.1,15.5,7.6,0,0.4,0.7,1.2,14.4,4.6
12/02/2020,09:00,0,0.1,0,2,12.6,4,0.1,1.7,1.3,0.9,16.2,4.5,0,0.3,0.5,1.6,14.3,7.5
12/02/2020,10:00,0,0,0,2.1,13,7.6,0.1,1,0.9,1.3,12,3.1,0.1,0.4,0.7,1.5,13.8,11.1
12/02/2020,11:00,0,0.1,0,2.3,19.6,10.4,0,0.8,0.9,1.3,12.4,6.5,0.1,0.3,0.5,1.5,12.8,9.4
12/02/2020,12:00,0,0,-0.1,2,8.4,10,0,0.6,0.7,1.5,9.4,3.4,0,0.3,0.3,1.8,15.9,5.2
12/02/2020,13:00,0,0,0,2,8.9,2.9,0,0.9,0.8,1.3,10.1,-0.4,0,0.3,0.4,1.6,8.5,5.5
12/02/2020,14:00,0,0,-0.1,2.2,6.1,6.4,0,0.6,0.9,1.2,7.7,-7.6,0,0.3,0.4,1.5,9.4,4.7
12/02/2020,15:00,0,0,-0.1,2,6.8,3,0,0.3,0.6,1.5,8.3,-0.5,0,0.3,0.5,1.5,9.4,3.3
12/02/2020,16:00,0,0,0,1.9,9.5,3.3,0,0.3,0.6,1.3,6.3,-1.6,0,0.3,0.5,1.3,10.4,-0.3
12/02/2020,17:00,0,0,0,2.1,10.3,1.9,0,0.4,0.6,1.3,6.7,2.2,0,0.3,0.5,1.2,3.6,-0.9
12/02/2020,18:00,0,0,0,2,14.9,3.5,0,0.2,0.6,1.3,9.5,2,0,0.2,0.7,1,10.1,1.2
12/02/2020,19:00,0,0,0,1.8,16.9,3.5,0,0.1,0.5,1.4,9.8,2.8,0,0.1,0.3,1.3,8.7,1.6
12/02/2020,20:00,0,0,0.1,1.5,19.4,7.7,0,0.1,0.7,1.2,10.5,2.2,0,0.1,0.4,1.2,7.8,5.7
12/02/2020,21:00,0,0,0,1.9,8.8,1.1,0,0,0.6,1.4,7.6,-3.8,0,0.1,0.4,1.1,8.8,4.1
12/02/2020,22:00,0,0,0,2.3,2.4,-0.9,0,0,0.6,1.8,2.8,2.7,0,0,0.7,1.1,6.4,3.9
12/02/2020,23:00,0,0,0,2.6,5.7,,0,0,0.7,1.7,3.4,-0.5,0,0.1,1,1.1,3.6,3.2
12/02/2020,24:00,0,0,0,2.8,11.9,,0,0.1,1.4,1.2,4.9,-1.5,0,0,0.4,2,3.6,2.3
13/02/2020,01:00,0,0,0,2.6,14.7,2.3,0,0.4,1.7,0.8,6.7,0,0,0,0.3,2,3.9,0.2
13/02/2020,02:00,,,,,15.8,1.1,,,,,7.5,-1.4,,,,,4,0.8
13/02/2020,03:00,0,0,0,2.9,14.6,-1.3,0,0.1,1.5,1,8.4,-0.5,0,0,0.3,2.1,6.3,2.5
13/02/2020,04:00,0,-0.1,0,2.6,9.6,-3.3,0,0.5,2.1,0.7,8.6,2.9,0,0,0.6,1.7,7.2,2.4
13/02/2020,05:00,0,0,0,2.7,14.2,9.2,0,0,1.3,1.2,11,7,0,0.1,1.1,1,9.2,1.8
13/02/2020,06:00,0,0,0.1,1.7,20.9,14.8,0,0.2,1.7,0.4,10.9,10.8,0,0.8,1.7,0.4,9.5,2.6
13/02/2020,07:00,0,0.1,0.2,1.4,17.5,4.2,0,2.6,1.9,0.3,16.8,9.3,0,2.2,2,0.3,16.5,2.5
13/02/2020,08:00,0,0,0.1,1.5,28.6,4.5,0,1.1,1,0.6,23.4,13.6,0,1.3,1,0.4,26.1,6.8
13/02/2020,09:00,0,0,0,1.5,36.2,3.9,0,0.7,0.6,0.9,31.3,14.7,0,0.6,0.4,0.8,30.3,6.5
13/02/2020,10:00,0,0,-0.1,1.6,31.7,5.8,0,0.5,0.4,1.2,27.2,11.6,0,0.3,0.1,1.1,25.8,8.9
13/02/2020,11:00,0,0,-0.1,1.6,34.1,16.2,0,0.4,0.3,1.2,29,9.3,0,0.3,0.1,1.2,26.9,11.4
13/02/2020,12:00,0,0,0,1.6,34,11.3,0,0.6,0.5,1.1,22,7.5,0,0.3,0.1,1.2,27.2,10.5
13/02/2020,13:00,0,0,-0.1,1.6,33.4,-1.8,0,0.5,0.5,1,22.7,4.4,0,0.7,0.5,0.8,25.2,6.8
13/02/2020,14:00,0,0,-0.1,1.6,20.5,0.2,0,0.2,0.3,1.3,13.3,7.6,0,0.3,0.1,1.1,18.1,7.4
13/02/2020,15:00,0,0,0,1.6,12.6,10.4,0,0.3,0.4,1.3,9.6,3.7,0,0.3,0.1,1.2,7.5,5.8
13/02/2020,16:00,0,0,0,1.6,21.5,10.9,0,0.9,0.8,0.8,14.7,3.6,0,0.4,0.3,1,12,3.7
13/02/2020,17:00,0,0.1,0.1,1.6,20.5,11.1,0,1.6,1.1,0.5,19.6,3.4,0,0.5,0.6,0.7,20,1.4
13/02/2020,18:00,0,0,0,1.5,27.5,13.3,0,0.4,0.7,0.8,23,4.4,0,0.2,0.3,0.9,22.3,3.3
13/02/2020,19:00,0,0,0,1.4,30.9,14,0,0.1,0.6,1,23.5,4.3,0,0.2,0.4,0.8,24.1,10.1
13/02/2020,20:00,0,0,0.3,1.2,39.2,10.1,0,0.6,0.9,0.7,26.5,6.2,0,0.2,0.7,0.6,26.4,9.4
13/02/2020,21:00,0,-0.1,0,1.4,51.5,9.8,0,1.1,1.2,0.4,27.8,8.7,0,0.1,0.4,0.8,24.5,5.7
13/02/2020,22:00,0,0,0,1.6,32.8,4.8,0,0.6,1.1,0.5,23.7,6.2,0,0.1,0.3,0.9,20.8,5.2
13/02/2020,23:00,0,0,0,1.5,36.8,-3.8,0,0.7,1.2,0.5,22.2,5.9,0,0.1,0.6,0.7,23.4,5.9
13/02/2020,24:00,0,0,0,1.7,24.5,4,0,0.1,0.8,0.7,23.7,4.4,0,0.1,0.4,1,23.7,3.8
14/02/2020,01:00,0,-0.1,-0.1,1.7,21.2,5.7,0.1,0.1,0.8,0.8,24.1,5.2,0,0,0.1,1.2,24.1,5.2
14/02/2020,02:00,,,,,24.6,4.6,,,,,9.3,3.9,,,,,22.2,4.1
14/02/2020,03:00,0,0,0,1.7,29.3,1.9,0,0.1,0.6,1.1,18,2.1,0,0,0.1,1.4,21.8,1.4
14/02/2020,04:00,0,0,0,1.7,33.6,1.5,0,0.1,0.5,1.2,21.1,3.2,0,0,0.2,1.3,22,6.1
14/02/2020,05:00,0,0,0,1.6,26.6,2,0.1,0.1,1.1,0.6,24.8,0.8,0,0.1,0.5,0.9,23,6.7
14/02/2020,06:00,0,0,0.2,1.5,25.8,4.5,0.1,0.3,1.3,0.4,25.1,-1.3,0,0.5,1.1,0.4,22.4,5.1
14/02/2020,07:00,0.1,0.1,0.3,1.5,27.8,1.3,0.1,1.8,1.4,0.5,27.9,4.8,0,1.2,1.1,0.5,26.1,5.1
14/02/2020,08:00,0,0.1,0.1,1.8,22.1,1.1,0.1,1,1.1,0.8,29.9,9.3,0,0.8,0.8,0.9,25.9,5.6
14/02/2020,09:00,0,0,0,2,19.8,6.1,0.1,0.5,0.6,1.4,19.8,7.7,0,0.4,0.3,1.5,18.4,9
14/02/2020,10:00,0,0,0,2.1,14.5,6.2,0,0.4,0.5,1.7,16.9,3.7,0,0.2,0.1,1.9,13.1,10.8
14/02/2020,11:00,0,0,0,2.1,15.5,3.2,0,0.5,0.4,1.9,14.6,5.5,0,0.2,0.2,1.9,9.9,7.6
14/02/2020,12:00,0,0,0,2.1,14.3,-7.5,0.1,0.4,0.3,1.9,13.9,2.1,0,0.2,0.2,2,16.1,2.4
14/02/2020,13:00,0,0,0,2.1,16.6,6,0,0.3,0.3,1.9,16.2,5.9,0,0.2,0.2,2,14.4,0.5
14/02/2020,14:00,0,0,0,2.1,21.6,9.5,0,0.4,0.3,1.9,16.6,4.8,0,0.2,0.1,2.1,16.2,3
14/02/2020,15:00,0,0,-0.1,2.1,14.2,9.4,0,0.3,0.3,2,18.3,2.6,0,0.2,0.1,2,16.4,4.8
14/02/2020,16:00,0,0,0,2.1,15.7,15.7,0,0.2,0.2,2.1,14,1.8,0,0.2,0.2,1.9,13.8,5.9
14/02/2020,17:00,0.1,0,0,2.1,19,19.7,0,0.2,0.2,2,15.7,3.9,0,0.2,0.2,1.9,12.9,7.7
14/02/2020,18:00,0,0,0,2.2,23.7,17.8,0,0.1,0.2,2,17.4,4.6,0,0.2,0.2,1.8,16.8,6.6
14/02/2020,19:00,0,0,0,2.1,31.7,2.5,0,0.1,0.4,1.8,20.5,6.3,0,0.1,0.2,1.8,21.4,1
14/02/2020,20:00,0.1,0,0.1,2,29.9,4.6,0,0.1,0.9,1.4,23.5,9.4,0,0.1,0.5,1.5,23.6,0.8
14/02/2020,21:00,0,0,0.2,1.9,41.8,1.8,0,0,0.8,1.4,22.4,8.4,0,0,0.5,1.4,23.1,2.9
14/02/2020,22:00,0,0,0.3,1.9,29.6,3.4,0,0,0.7,1.3,20.5,8.3,0,0,0.7,1.1,22.7,7.9
14/02/2020,23:00,0.1,0.1,1,1.1,26.5,10.7,0,0,0.9,0.9,19,6.4,0,0,1,0.7,20.5,8
14/02/2020,24:00,0.2,0.2,1.1,0.7,26.2,8,0,0,1,0.6,18.1,5,0,0.2,1.2,0.4,18.8,4.8
15/02/2020,01:00,0.1,0,0.6,1.1,17.1,2.3,0,0,0.9,0.7,15.4,6.5,0,0.1,1.1,0.4,16.9,0.5
15/02/2020,02:00,,,,,17.1,2.4,,,,,16.3,5.5,,,,,18,0
15/02/2020,03:00,0,0,0.6,0.8,16.8,4.3,0,0,0.8,0.5,14.5,6.6,0,0.6,1.1,0.3,21.6,2.5
15/02/2020,04:00,0,-0.1,0.7,0.7,14.2,1.5,0,0,0.8,0.5,15.1,3.1,0,0.5,1,0.2,16.5,5.6
15/02/2020,05:00,0,0,1.1,0.3,15.6,5.2,0,0.5,1.1,0.2,17.9,2.3,0,1.6,1,0.1,18.5,4.6
15/02/2020,06:00,0,0.6,1.1,0.3,17.7,2.9,0,0.1,0.9,0.3,17.7,2.5,0.1,2.4,1.2,0.1,26.6,6
15/02/2020,07:00,0,1.2,1.1,0.5,24.6,7.5,0.1,0.5,0.7,0.6,20.2,6.5,0.1,2.1,1,0.3,27.7,6.2
15/02/2020,08:00,0.1,1,0.9,1,24.5,5.6,0.1,0.7,0.6,1,27.2,4.6,0.1,0.9,0.9,0.9,25.8,4.5
15/02/2020,09:00,0.2,0.6,0.7,1.6,20,0.5,0.1,0.6,0.7,1.5,25.5,7.2,0.1,0.4,0.5,1.6,21.3,6.3
15/02/2020,10:00,0,0.1,0.2,2.4,17.3,9.2,0.1,0.6,0.8,2,20.1,8.6,0,0.3,0.6,2.2,21.1,9.8
15/02/2020,11:00,0,0,0.1,2.6,19.2,-0.1,0.1,0.5,0.8,2.6,22.8,8.8,0,0.1,0.4,3.3,21.9,8.1
15/02/2020,12:00,0,-0.1,0,2.6,20.7,-5.7,0.1,0.3,0.8,3.3,22.3,10,0,0,0.3,3.8,21.8,7
15/02/2020,13:00,0,-0.1,0,2.5,19.1,1.3,0.1,0.1,0.6,3.5,22.9,12.3,0,0,0.4,3.3,21.2,6.2
15/02/2020,14:00,0,-0.1,0,2.4,20.2,14.8,0.1,0.2,0.7,2.7,23.6,10.9,0.1,0,0.5,2.8,24.9,7.5
15/02/2020,15:00,0,-0.1,-0.1,2.5,23.1,15.2,0.1,0.2,0.6,2.9,21.3,7.6,0.1,0.1,0.4,3,22.3,4.8
15/02/2020,16:00,0,-0.1,-0.1,2.6,24.1,8.3,0.1,0.3,0.8,2.8,24.3,4,0.1,0,0.4,3.2,22.1,8.2
15/02/2020,17:00,0,-0.1,-0.1,2.6,24.5,10.7,0.1,0.1,0.3,3,18.7,4.8,0,0,0.2,2.9,18.9,6.7
15/02/2020,18:00,0,-0.1,0,2.6,29.1,14.6,0,0,0.4,2.8,14.8,7.6,0,0,0.2,2.8,15.6,10.8
15/02/2020,19:00,0,-0.1,0.1,2.3,29.6,,0,0,0.4,2.2,22.2,5.7,0,0,0.2,2.2,24.4,8.1
15/02/2020,20:00,0.1,-0.1,0.4,1.9,28.3,13.4,0,0,0.7,1.5,23.8,8.9,0,-0.1,0.6,1.6,24.6,4.7
15/02/2020,21:00,0,-0.1,0.5,1.9,21,13.4,0,0,0.6,1.3,17.5,11.9,0,0,0.8,1.5,16.9,8.5
15/02/2020,22:00,0.1,-0.1,0.8,1.5,22.2,16,0,0,0.4,1.5,15.6,15.4,0,-0.1,0.7,1.5,13.2,10.4
15/02/2020,23:00,0.1,-0.1,1,1.2,18,14.2,0,0,0.3,1.4,14.1,11.2,0,0,0.8,1.3,13.1,7.6
15/02/2020,24:00,0.1,-0.1,0.8,1.3,22.7,13.7,0,0,0.3,1.5,16.3,6.3,0,0,0.7,1.2,15.1,5
16/02/2020,01:00,0,-0.1,0,1.9,28,1.6,0,0,0.3,1.4,18.2,4.9,0,0,0.5,1.3,18.5,9.5
16/02/2020,02:00,,,,,20.3,-3.8,,,,,17,7.6,,,,,15.5,9.3
16/02/2020,03:00,0,-0.1,0.4,1.4,18.9,-6,0,0,0.2,1.4,15.5,4.6,0,0,0.4,1.1,19.3,6
16/02/2020,04:00,0.1,-0.1,0.7,1.3,15.7,5.9,0,0,0.2,1.4,16.1,2.2,0,0.1,0.4,1.2,18.7,5.8
16/02/2020,05:00,0,-0.1,0.1,2.2,13.4,9.9,0,0,0.1,1.9,13.6,5,0,0.1,0.4,1.4,15.9,8.4
16/02/2020,06:00,0,-0.1,0.3,1.8,24,12.6,0,0,0.3,1.6,16.7,8.7,0,0.2,0.6,1.3,15,5.6
16/02/2020,07:00,0,0,0.3,1.9,18.8,7.9,0.1,0.1,0.5,1.6,14.7,4.6,0.1,0.1,0.3,1.5,14.7,6.9
16/02/2020,08:00,0.1,0.1,0.2,2.1,20.9,2.6,0.1,0.3,0.5,2,17.7,6.5,0.1,0.1,0.2,2,14.7,7.2
16/02/2020,09:00,0.1,0,0,2.4,16,1.8,0.1,0.3,0.3,2.3,18.9,5.6,0,0.1,0.1,2.3,12.9,6.3
16/02/2020,10:00,0,-0.1,-0.1,2.6,14.6,8.2,0.1,0.1,0.2,2.5,13.2,7.6,0.1,0,0.1,2.6,19.7,9.1
16/02/2020,11:00,0,0,0,2.5,16.2,6,0.1,0.1,0.1,2.8,13.8,5.3,0,0,0,2.9,14.4,6.2
16/02/2020,12:00,0,0,-0.1,2.4,17.8,1,0.1,0.2,0.2,2.6,16.5,8.6,0,0,0,2.9,16,4.9
16/02/2020,13:00,0,-0.1,-0.1,2.6,20,5.4,0,0.1,0.1,2.6,16.2,-0.7,0,0,0,2.7,16.2,2.6
16/02/2020,14:00,0,,,2.5,20.4,8.6,0.1,0.1,0.2,2.7,16.4,-2.4,0,0,0.1,2.6,15.6,5.7
16/02/2020,15:00,0,0,-0.1,2.3,16.5,-3.4,0.1,0.2,0.3,2.4,17.3,3.2,0,0,0,2.5,17.4,5.2
16/02/2020,16:00,0,0,-0.1,2.2,10.9,-2,0.1,0.1,0.2,2.2,12,0.7,0,0,0.1,2.1,9,3.4
16/02/2020,17:00,0,0,-0.1,2.2,8.9,-1.9,0,0.1,0.1,2.1,11.5,2.6,0,0.1,0.1,1.9,12,6.3
16/02/2020,18:00,0,0,0,1.9,9.4,3,0,0.1,0.4,1.6,11.3,3.7,0,0.1,0.2,1.6,10.8,3.3
16/02/2020,19:00,0,0,0,1.9,15.2,7.1,0.1,0,0.2,1.7,10.8,4.5,0,0.1,0.2,1.5,9.3,2.5
16/02/2020,20:00,0,0,0.1,1.7,6.9,9.7,0.1,0.1,0.6,1.3,10.3,5.8,0,0,0.3,1.4,9.3,1.2
16/02/2020,21:00,,,,1.7,8.7,15.7,,,,1.3,8.5,5.5,,,,1.5,6.6,1.6
16/02/2020,22:00,,,,1.7,9.5,10.3,,,,1.1,8.4,3.8,,,,1.4,6.5,3.2
16/02/2020,23:00,,,,1.7,10.1,8.1,,,,1.1,7.5,2.5,,,,1.3,6.8,0.6
16/02/2020,24:00,,,,1.7,6.5,13.2,,,,1.3,6.9,1.1,,,,1.2,6.1,-0.5
17/02/2020,01:00,,,,1.6,4.1,2.4,,,,1.4,5,1.1,,,,1.2,4.3,8.7
17/02/2020,02:00,,,,,7.1,-9.8,,,,,6.1,1.3,,,,,5.1,8.5
17/02/2020,03:00,,,,1.1,7.8,-8.1,,,,1,4.5,-1.4,,,,1,4.7,2.7
17/02/2020,04:00,,,,0.8,3.2,-0.2,,,,0.8,6.3,1.2,,,,0.6,7.9,6
17/02/2020,05:00,,,,0.9,7.4,8.8,,,,0.7,7.1,-8.5,,,,0.2,10.2,1.4
17/02/2020,06:00,0,0.4,1,0.4,7.2,11.9,0,0.2,0.9,0.3,8.7,-9.1,0,1.3,1.1,0.2,11.9,4
17/02/2020,07:00,0.1,1.6,1.3,0.3,10.9,8.5,0,0.9,1,0.3,11,4.5,0,1.9,1.1,0.2,14.7,3.4
17/02/2020,08:00,0.1,1.2,1.1,0.6,7.2,1.3,0,1.1,1,0.4,10.9,6.5,0,1,0.9,0.5,8.5,2.3
17/02/2020,09:00,0.2,1.1,0.8,1.1,10.3,0.4,0,1.1,0.8,0.9,9.4,6.7,0,0.8,0.6,1,7.7,-0.4
17/02/2020,10:00,0.1,0.2,0.2,1.6,12,-4.4,0,0.9,0.9,1,10.2,-0.4,0,0.5,0.6,1.3,5.8,0.2
17/02/2020,11:00,0,0.1,-0.1,2,18.6,-0.1,0.1,1.9,1.7,0.6,16,-0.9,0,0.3,1,1,12.3,5.1
17/02/2020,12:00,0,0,0,2,10.2,-5.3,0,0.8,1.2,1,19.4,2.7,0,0.5,1.1,0.9,15.9,2
17/02/2020,13:00,0,0,-0.1,2.3,2.2,-4.9,0,0.6,0.9,1.3,14.9,7.1,0,0.9,1.1,1.2,14.2,4.8
17/02/2020,14:00,0,0,-0.1,2.3,11.3,7.1,0,0.5,1,1.5,18.3,17.2,0,0.3,0.4,1.9,9.6,5.4
17/02/2020,15:00,0,0,-0.1,2.3,9.8,8.3,0,0.5,0.8,1.6,12.3,5.9,0,0.3,0.8,1.6,11.6,6.9
17/02/2020,16:00,0,0,-0.1,2.3,9.4,3.8,0,1.5,1.3,0.9,12.3,0.5,0,0.4,1.1,1.1,14,4.5
17/02/2020,17:00,0,0,0,2.2,17.9,4.6,0,0.9,1.5,0.8,13.5,0,0,0.3,1,1.1,13.3,5.3
17/02/2020,18:00,0,0,0,2,12.7,-2.4,0,0.7,1.6,0.7,18.2,3.3,0.1,0.3,1.1,0.8,18,4.9
17/02/2020,19:00,0,0,0,2,9.2,-5.5,0,0.5,1.3,0.9,13.5,1.2,0.1,0.2,1.2,0.7,14.5,5.6
17/02/2020,20:00,0,0,-0.1,2,10.3,-2.6,0,0.2,1.6,0.6,12.9,-2.6,0.1,0.3,1.5,0.4,16,4.3
17/02/2020,21:00,,,,1.9,16.4,-0.7,,,,0.9,12.1,-4,,,,0.2,15.7,6.2
17/02/2020,22:00,,,,1.7,17.7,9.1,,,,1.1,8.8,-3.1,,,,0.2,12.3,6.7
17/02/2020,23:00,,,,1.4,13.8,8.8,,,,1.4,7.6,-3.5,,,,0.2,11.9,3.4
17/02/2020,24:00,,,,0.9,10.9,11,,,,1.3,7.1,2.1,,,,0.2,10,5.4
18/02/2020,01:00,,,,1.3,5.2,4.3,,,,1.1,9.2,-0.3,,,,0.1,11.8,2.5
18/02/2020,02:00,,,,,7.8,1.7,,,,,8.7,-3.5,,,,,14.5,2.4
18/02/2020,03:00,,,,1.6,6.9,12.6,,,,1.3,8.3,0.6,,,,0.3,11,3.7
18/02/2020,04:00,,,,0.9,7.1,3.3,,,,0.9,9.3,3.4,,,,0.2,13.6,7.4
18/02/2020,05:00,,,,0.3,10.2,8,,,,0.3,11.1,3.1,,,,0.1,23.1,5
18/02/2020,06:00,,,,0.2,15.8,13.4,,,,0.3,13.1,7.4,,,,0.2,20.3,9.4
18/02/2020,07:00,,,,0.5,28.7,9.1,,,,0.5,20.7,2.6,,,,0.2,31.6,7.5
18/02/2020,08:00,,,,1,13.5,2.1,,,,0.9,16.3,6.8,,,,0.7,21,6.9
18/02/2020,09:00,,,,1.1,18.3,9.6,,,,1.4,17.5,5,,,,1.3,16,10.5
18/02/2020,10:00,,,,,,,,,,,,,,,,,,
18/02/2020,11:00,,,,,,,,,,,,,,,,,,
18/02/2020,12:00,,,,,,,,,,,,,,,,,,
18/02/2020,13:00,,,,,,,,,,,,,,,,,,
18/02/2020,14:00,,,,,,,,,,,,,,,,,,
18/02/2020,15:00,,,,,,,,,,,,,,,,,,
18/02/2020,16:00,,,,,,,,,,,,,,,,,,
18/02/2020,17:00,,,,,,,,,,,,,,,,,,
18/02/2020,18:00,,,,,,,,,,,,,,,,,,
18/02/2020,19:00,,,,,,,,,,,,,,,,,,
18/02/2020,20:00,,,,,,,,,,,,,,,,,,
18/02/2020,21:00,,,,,,,,,,,,,,,,,,
18/02/2020,22:00,,,,,,,,,,,,,,,,,,
18/02/2020,23:00,,,,,,,,,,,,,,,,,,
18/02/2020,24:00,,,,,,,,,,,,,,,,,,
